chemin;taille_octets;sha256
.gitattributes;416;5F2B17059B6CA64D61657318DCD558308D806A186B2F87DE0A4F7A48914F3EB6
.github/ISSUE_TEMPLATE/bug_report.yml;1378;1E8394867229D115D8EE6EB941B15492B1946741C6A1B497C0FD5078206A48B1
.github/ISSUE_TEMPLATE/config.yml;198;904427D246658468BDABE2B3EE896113BE85CC06D90E89BDE8382BAA53BE4EDA
.github/workflows/pages.yml;741;2D30B9F56A052A85A41911740B041E65FDEA6DF6B7733691099DD06DA193BB13
.github/workflows/verify.yml;497;F0A20499C0F058C2BAD74FD0E2E86746FE9735C35980AEC77790F1918AF2E8E3
.gitignore;363;4A105BAAB9DDC08B23728A68DE7D2FE0D8ADE599592AA19F7B45513BC300160A
CHANGELOG.md;875;8CFCF03EAB0B036EEBD2569C99BA1AE7B3E65AB271A416A40B84417FADB9F58C
CONTRIBUTING.md;802;E7FE92B109B9E9E5F4E7DF66649FEE5ED03DF4F848D4A00116761607E2AFB93C
creator/README_CREATEUR.txt;164;A943DFF4BFC9E7CDCE4DBE18D7209A93B62D342D4932A66CFCB708E5A3ED1FD2
CREATOR_VALDORA.bat;183;8254E8119664D56DA9AAB9194CCF5DC025A5C8177D956DF3B72824F640957534
game/APER+#U03c4U_PNJ_EXACTS_V102L.jpg;687770;BEA045A30FEDAF95F5A30A35E7FE4BA4B1FD7156344D59596FE4FB33F96F5773
game/APER+#U03c4U_PNJ_V102B.png;216146;604A4C40554247B789573AD392D319D523FD4F7A649D1AC18EE695781DFD404B
game/APER+#U03c4U_PNJ_V102C_EXACTS.png;425957;A2F233104042CF2DCAC28E6A712C15824FDD4D1C8A5B4BD5D35E31C94493E2BA
game/APER├çU_11_LEGENDAIRES_V107C.png;409071;CE40B7CB16A7A8E821FA08E26F46E45504490B53DD8134353CAAA8BBBE5B9EF0
game/assets/creatures/001_Florin/back.png;30941;9C786D46318865F85B821EA68F7A5FD45A6A1043944100C635B95C88CAEA4378
game/assets/creatures/001_Florin/front.png;35295;59CEA07AEFA0BAACBEC492A278E69B9FC16C5F9805B6E44497F946AC4DB04A8E
game/assets/creatures/001_Florin/left.png;34221;865EB792B3113519DCA3FF46D5D2D52F8306E150C399C7DEC9A33A70687772A5
game/assets/creatures/001_Florin/right.png;33650;27DF132240FE730B1ABA04E7301CA294D972C15BF23FE857CA61785B52EC19EB
game/assets/creatures/002_Floror/back.png;39874;1351B4399AEEE99977207F5B09EB65AC1BEBFC979E3908AB316823F4BB8E42DD
game/assets/creatures/002_Floror/front.png;42174;186C2B39FBDCE8265BA8327A5E116EB94FDEEBE2C5AB05D14AC04A25BD3296BE
game/assets/creatures/002_Floror/left.png;39378;4707AD178593F11E996D678369D362C634FCC8CA54D8BB407E748D5933F4D357
game/assets/creatures/002_Floror/right.png;39336;1FDDCA7C60ED2AA4095D21F9B7F3115D2D059322BA42848DB63970A7DC17D9DD
game/assets/creatures/003_Florex/back.png;50152;A8F3C08E177EAC50C491223EDEDAA34F9270C2710635F5F7C803E9658578D4B5
game/assets/creatures/003_Florex/front.png;52720;53C5A2031D6C12C12C7BA6E8A9B8E116FC1960F27355CFC307C8CFEC5FFC6356
game/assets/creatures/003_Florex/left.png;52700;6C5C3D63004BEE501008511A93465754E8E80DFE04A5192E1129523C97AC0956
game/assets/creatures/003_Florex/right.png;53805;307CE42C7CBA379FFC33EEB726B3065D34A0E21D5746CBD2B25E9B871118730C
game/assets/creatures/004_Pyroin/back.png;37381;FD07B1D6AD40B2D04628A94CECFC1B388ABB544E8E1B014E940CFB08F8549CC5
game/assets/creatures/004_Pyroin/front.png;48346;6E50516978BD6AF713BFD27AC6CACB1F8C156E4FD507C9BE5F8B87283BA08DB8
game/assets/creatures/004_Pyroin/left.png;47413;14444D9D05DB11130A2F419BBCBA967C5C06ECBDA2FCDC72CD1CD6EAECA52C84
game/assets/creatures/004_Pyroin/right.png;47410;FBDC2E09EFB052FEAC106E619A61F62C95349EC7791DC776AC4CB605CC4CAC58
game/assets/creatures/005_Pyroor/back.png;54296;5F1245218993107CCB7628A9C5BF954DAB0619E7E489B961A1C8D04BD499E4D0
game/assets/creatures/005_Pyroor/front.png;56151;763BDD9C47512E5003DB0076ADA49318F6BB79E02FFAC0C0C51D081C6171E87E
game/assets/creatures/005_Pyroor/left.png;61097;7C2547780EA2AF8790FD0ED2E1501EE831E90D49AB7DFE51E13C93A9F9EEAE1F
game/assets/creatures/005_Pyroor/right.png;60247;4C612A31C51F1440C7CE310414341290661E6B16245CD840F002482230ECA594
game/assets/creatures/006_Pyroex/back.png;56610;FD620133C2743D729646441280CE8D61072CD1A3BA608162150D0EE07AC8E432
game/assets/creatures/006_Pyroex/front.png;65863;AD4DF58292F8347892D0CFB65D3451D1C9032E912219C59E9EC55D276F16F997
game/assets/creatures/006_Pyroex/left.png;69741;ACF2FBF68626C58BB025EBBAE2DC7A235F0E63DA625D09C234CCBC1B4BA20344
game/assets/creatures/006_Pyroex/right.png;68622;33243318F401D19DC560E27A2397DA6D21AAB85F84F93F6158FE69F060B4DB39
game/assets/creatures/007_Aquain/back.png;32140;D221D6AA5E12E8F8FA5FF68B4F7083BF107D03895AF4BD8836F686B38667621F
game/assets/creatures/007_Aquain/front.png;38667;79D94321BD122827391413A16D2E03F44D7863C98C8D01C929630FB798EE0B51
game/assets/creatures/007_Aquain/left.png;38055;48D72437BB2C5E0E24F4145A10E7818E2426E89DA6A2903AF6BE25652A122A0E
game/assets/creatures/007_Aquain/right.png;38747;9B1E752FBBB60CEA207D5691410F4200D341F2FEDEBC6D2654A648C7CDF4E313
game/assets/creatures/008_Aquaor/back.png;39456;E9CCF79E5EA170301F9E93F5200BDE2E5F520B519FB7F0BF36AE725DCB0E0641
game/assets/creatures/008_Aquaor/front.png;47613;2E525B16EEEBD3F42CB9A22A0D10298C03757AA53BBCF3F575ADEB7B8DDBA59F
game/assets/creatures/008_Aquaor/left.png;46668;4E296218EB1AFB79CDF60B9A1CA29A38E1351835FC4693756934C6B5CB7A7B87
game/assets/creatures/008_Aquaor/right.png;47460;F849422CE834D72026686141EB66E28D7FC60724222A98A767489607351772D7
game/assets/creatures/009_Aquaex/back.png;54469;A7CC4E085A4305EC9C10F3A6A208EA388A18F373332267C3236A5DC4298D981B
game/assets/creatures/009_Aquaex/front.png;61668;4710600B0BCB14A7B53515828BFBC7AD239EFF013F8D37F56D1642DB6D68D03B
game/assets/creatures/009_Aquaex/left.png;57633;00532A8C2389B01509905FEF5BE7B3CF1C541BCEA927F57AC36ED31D83952D19
game/assets/creatures/009_Aquaex/right.png;57534;01995557F73D445BE41A0DE1B4F2460A1F8113FC93F2081D8405674B73CA0465
game/assets/creatures/010_Voltin/back.png;29282;ED0E8F44A2A22A282285D87D95CDD71613E4FC1E38B6D30A3DB0E5D0F177F3C8
game/assets/creatures/010_Voltin/front.png;37522;A42F6E5B7FDEADADEDACD98D4351C2678E317C10154EC8386CA2909BC324C59B
game/assets/creatures/010_Voltin/left.png;34526;3F8C25C8DD454C73BBA90B9B9AB2A9389EB6A86865C2DEC22530F3F2D49BFA93
game/assets/creatures/010_Voltin/right.png;35180;B02988B8716056BCB4DDA7E1924F3B1AF26CB96FE7E1AC94F0E1A6E7A977D0EB
game/assets/creatures/011_Voltor/back.png;27119;9DC0DADDF9998B72F79E25403F608F415A0E51A797FF1165956FECF6060F2E24
game/assets/creatures/011_Voltor/front.png;36268;2B4A7CDEB9188DF6CD663B504394291638305DFC98A47B3E9CA0835DB6739137
game/assets/creatures/011_Voltor/left.png;36717;1BD04DA0DD11E99935B08677ADC7A4BDC631B5BE8DF689722A9F955D690D34B2
game/assets/creatures/011_Voltor/right.png;37169;9FCDDD945D8519ABD25278D57D312FD0B9E6AAE8D50C2B3750E2852E7B8E5A94
game/assets/creatures/012_Voltex/back.png;33743;84B2279541514299249F3E039049583496E07C7FCE74C581CF6E65206851B65D
game/assets/creatures/012_Voltex/front.png;45243;675A5B129C40DEC2309FF65A1516853FD30913578F8E3C837D3F5A117E1039EA
game/assets/creatures/012_Voltex/left.png;47880;26A2D0A99F70D7482A9931A083500319BECC9BEFE5F076F8F2A1FD0A8AE59ABA
game/assets/creatures/012_Voltex/right.png;48338;0AF5FF468BAE2A96C4C227DB31E43BDFB4F6E77FA2DBCD8B68275612FA5A8B7B
game/assets/creatures/013_Noctin/back.png;31110;760EF3BD84BB0F12252B2BDD4D621169D6AA877613519F3E090972B51E5E22A9
game/assets/creatures/013_Noctin/front.png;37617;EE08B71B3A5FBDFB0A807E106C4031207EF2AA8467FF055E7F49890FA4739CC0
game/assets/creatures/013_Noctin/left.png;39126;B959783AF08A3E16CD9242280DE289CD9AD085B807323FA6A6A2B9E9964D0429
game/assets/creatures/013_Noctin/right.png;41025;422253BB5E486CDFA7F9E4D9EFEDA29E70C2D089A6FD3B1A7B29DF625C9B4173
game/assets/creatures/014_Noctor/back.png;42646;08A2807C4698463097B53AD0C24BE7039995695206B6F697379BCB6CD2851EC5
game/assets/creatures/014_Noctor/front.png;46802;86B9EF780BCF2600169CF2C4709F996D7C3D3B2F226BD0CCAD4FFD04C91A1113
game/assets/creatures/014_Noctor/left.png;50138;3D8735A892FD7C971C573B8471CEEFD3D08E4B302F5E43126E4D21A4BC554AF5
game/assets/creatures/014_Noctor/right.png;48653;1C54720B5A6688645E57D4AD6990F860264A17F1A04F9B9A7850D8C23037FF52
game/assets/creatures/015_Noctex/back.png;58807;E77420403BD9D60787ADB3487378C7250D53F7407B20026E7F1898D94F033E3E
game/assets/creatures/015_Noctex/front.png;60387;03DB5B32A0AD206DE14E72D5E375596A4B537EBF4406FA0AF3D47C61BF7345F1
game/assets/creatures/015_Noctex/left.png;66129;5538C377243D41DEE68677E7F9EFEDD87DC63069931ABFA6D0A905456926790E
game/assets/creatures/015_Noctex/right.png;68693;057F640C3301770673471FC2DF3E8D8BB269BD51F5249397DC2036A6202EBC1C
game/assets/creatures/016_Rocin/back.png;40973;F5EE859E1405872C9311229E5ED2126DE42663DEA89FBA9E6F7DC3C8202C449F
game/assets/creatures/016_Rocin/front.png;40222;4D9CBC9D820103F47E7D78B5CFF54A7D6606276C92203F19F13CF3A3F373588F
game/assets/creatures/016_Rocin/left.png;45258;4CE988A8B2A6A56A7F1A91DA1625BE16DCFCB923BD8AFD47E7267BE333DCBF33
game/assets/creatures/016_Rocin/right.png;45459;323FCB3DB67F10A511047487E93DBB18C270B5EAD3E406DE3B827B667664B02D
game/assets/creatures/017_Rocor/back.png;55483;6E1DBD2E42DEA9A6BC3084DF73783E95EA7BE809C0EA403D599E9915392DFC23
game/assets/creatures/017_Rocor/front.png;56952;9C905446258589F808C859CB14869638B16E2BA3A478FCBC71B67C6ED63D7543
game/assets/creatures/017_Rocor/left.png;60616;A4ED1AC9943720AD26B0A84B4D563776BB5A35FCB3D6904AD4718B0FE50B27F7
game/assets/creatures/017_Rocor/right.png;60565;3F4D3D590B05B604ECB93F63B19049A4C97C7C623BA18831524ABE50DBC5C766
game/assets/creatures/018_Rocex/back.png;70391;384F95C16EDCE5EF4B1EF68CC5BA883D252F7C58AE6A4E0A588BC9DBECEA4380
game/assets/creatures/018_Rocex/front.png;73562;9397803452B00D16695F8102BDEBEEF3855A31F8E172AB74625E63F16DF5C1BE
game/assets/creatures/018_Rocex/left.png;75181;290F0B14525C337013C060A51B97311FD4B603DDEACE4593F1760443D14EBD1F
game/assets/creatures/018_Rocex/right.png;75500;2D0773DED9F9F8DAF85A709B4EA7A56D007CD0AA68C0AE58932B2CFD01E391D3
game/assets/creatures/019_Zephin/back.png;28265;AE2742A2A1CB52D4C1B08118300C46EDF9E2D2930F8580AF9389B9260A5A2E8B
game/assets/creatures/019_Zephin/front.png;30081;919C4D290D329F875AA5228C3F14549CC83E539A341D8867942A43DC6C6CF4FF
game/assets/creatures/019_Zephin/left.png;30826;D11814E1926DE82B4F82231BA282428CDD8CFAE95F4648AB593AFBA136D74EAC
game/assets/creatures/019_Zephin/right.png;30580;C097F7B869AAF2A5687C5E0F3E5D0597DB1D6AC2C7439D1BE2A9545F4A79FDE6
game/assets/creatures/020_Zephor/back.png;42573;DAAC57EE8ACE58519E5B5012894BEFBF9D346431B5C0C709F46ECE96CE378EEA
game/assets/creatures/020_Zephor/front.png;45754;E90FFD16CF0E8BB6DCE56D5C40646536C8476B3815D989F58AE7738E0ACCBB5D
game/assets/creatures/020_Zephor/left.png;45003;1C6321DA141A95334B50585C2DA53FFE3BBDAB883BC23EE2380E510C04579618
game/assets/creatures/020_Zephor/right.png;45142;72946B3732A26756317CD323D5CA5297E032BD670390960D09BC240C05A4E1AE
game/assets/creatures/021_Zephex/back.png;64787;51E757BE3EEFF7B17A109DA5A675218A8AB7D4B0F5D325BEB3B5CBAB35949C7C
game/assets/creatures/021_Zephex/front.png;68629;83EDF7E415A516876EE0ED2B903F996A580212F4A71E221C24A08423B679F040
game/assets/creatures/021_Zephex/left.png;55324;64AAF193DB2D2FBEFA39BE3B63EB71064C8D2D50E2D369D4671BA9E551D4B03D
game/assets/creatures/021_Zephex/right.png;53801;B802FA1B25AB1C56CA345A793D1B9ED8D9B60B569D7E604D9533C588FC6EBA22
game/assets/creatures/022_Myrin/back.png;44653;129679625945D8EAFE689DDB9F3516C14182C69FE7D24390D0FFFD5D9D0B8719
game/assets/creatures/022_Myrin/front.png;45608;B609672233AD1693839C7CC0D87142E996F7E2E844029B8DA30BF2E3C58A9E93
game/assets/creatures/022_Myrin/left.png;41484;8C8C2D5DA8CB35F04BD1666DA2ABEAB5C4BA38C841EADC2DD4234E57EAB7F4E5
game/assets/creatures/022_Myrin/right.png;41922;788CDEA08983ACC287CC5710F138F83B8BA9F0FA1AF8C558AD6778E9C61DD3D6
game/assets/creatures/023_Myror/back.png;54724;1C7E6FE6824C1AD5F9077CCB64AA87470F6EDD3A3A2B50AD408CB63847424331
game/assets/creatures/023_Myror/front.png;60224;A9FE6962E258E2992FBD03724BE1ABE9E18E833939FCF6AD2A485EF7E72EB1E3
game/assets/creatures/023_Myror/left.png;51088;205DE27DD3C1763EB64954BBDED6B9F40CA9B2189DBA95F7A18F8D01997E0B8C
game/assets/creatures/023_Myror/right.png;50358;DFC0A079702D9E2A509FC441286197A99CA68689BABD4B6CEF0D0350E2652FC6
game/assets/creatures/024_Myrex/back.png;71907;BC371E075BFA8F63FF9D1B6FC12CA3023D470F2BBBBEE34A523DEB1B831514F7
game/assets/creatures/024_Myrex/front.png;77128;BF449E16808B9E80F43684C0742F6AF6DFD53EAE4769175B6CF5CC3D96D7BE70
game/assets/creatures/024_Myrex/left.png;64543;D322818DB228EA64C7142CB68D0A11D07C1B58AAD0516E14A2CA228B6D72161A
game/assets/creatures/024_Myrex/right.png;62543;0BA6ADC224C47CE50C214408EBED038476E6DE789D4DDDC25C801D2D60572659
game/assets/creatures/025_Cervin/back.png;36847;76762F002D40044B8322EA876C5C80562D9D6188D4B8281B8DD9D5F65437F42C
game/assets/creatures/025_Cervin/front.png;42061;A9C0A04EDB3F2DE2B9FEC33C3C4522D3D58643B5E8A2998DE54AF115A8BD149C
game/assets/creatures/025_Cervin/left.png;40136;8B34DE571E5E29A5E69FCC4E85585F48C216337DF876D8EF7FB0863D71D86DF0
game/assets/creatures/025_Cervin/right.png;40197;837B62F275A0167B5C72BDF477B1738EE7FF814F975D4570576D4332321CEE5F
game/assets/creatures/026_Cervor/back.png;47979;25C2CA90D9D4BF8DC4430A628ECA64AFA37C6336A1ABC1C0FAFC2D1CC91A3474
game/assets/creatures/026_Cervor/front.png;51842;7ADC8D9A3FEE7B4F85AF7CC3358BE5A8C29DCE1A3FDB494463D5B0C85011658A
game/assets/creatures/026_Cervor/left.png;53983;AF1DC4C7C8F0463C9E96A6E8A385A9F90C6D318C966F4EA10E5F91BEF8CA93DE
game/assets/creatures/026_Cervor/right.png;54094;618DF25424CEB4610B240FA2EEAEA05DC3950512CF37C27A7CAB0DD6C3B4C85D
game/assets/creatures/027_Cervex/back.png;74080;0BCB08A282033FEFB99C98010403D5E079D2D44E7C7D5874D25832119D71DC48
game/assets/creatures/027_Cervex/front.png;79537;A5C8A2F445D9CECDE2BDCFD15EA6E159116ADFE714F20B482A8269D3317934A5
game/assets/creatures/027_Cervex/left.png;72928;2EA71A150F452C77F7D74731C8A1A2B867EC89DB82340C74899C302704D62F7B
game/assets/creatures/027_Cervex/right.png;72904;0540432F9485079460AD6104BD62894904367FFCB1A86E0827C8D696B49D2E13
game/assets/creatures/028_Brumin/back.png;36808;2B945F5882C25D21F13921E8A47B41BBDAF5C3F2F1C4983F8D2781DA6908F388
game/assets/creatures/028_Brumin/front.png;41501;1897BFB07EDB7E1733959B361338C5CCB0CE08A3B4C757AD275C035EF8742B60
game/assets/creatures/028_Brumin/left.png;39847;95FA6ACFD498F89FBB497747F062D987A98DA40A2A2A066704A5B6643B95EDE9
game/assets/creatures/028_Brumin/right.png;39976;7088BF493C917C39C166FD95BBBEA6B94C1D4F894B3F6C284A3787EA57C33D7D
game/assets/creatures/029_Brumor/back.png;50406;74D24DEBF219C4A9E3CB62F0B9089B7158B08EAB3B8B12F5FB7EDC1C8F70F732
game/assets/creatures/029_Brumor/front.png;54689;A621D45976A7C9206464DB760F3B36522A218A4E8C42ECEC4F6032D30F66A117
game/assets/creatures/029_Brumor/left.png;55492;008F098886551D3D699C560EAD5C08B582F84F17E92AF42C0DF3D84EBE1EE0E6
game/assets/creatures/029_Brumor/right.png;55374;2342A5B12E0A920A1F7817CAC05B6385FE1F21373E2764D584D886EEE8D914F6
game/assets/creatures/030_Brumex/back.png;68582;414EF295EC7948A0439198B729B2B1B144D84F5BAC2438E2A0CDDF7C46864A7B
game/assets/creatures/030_Brumex/front.png;75006;E949D5A042C6BFAE26A12405ECBE7E134DF3114183809D74FF0BB8E9A0D63397
game/assets/creatures/030_Brumex/left.png;68365;DB70DDE150339771A0F498E67AC040F266B3C1D98C6B588850D381B8896181CA
game/assets/creatures/030_Brumex/right.png;68753;98810DFECE0920C80565AFDB29BC29D0C31AD1FD04F63B776013C39290B26732
game/assets/creatures/031_Solarin/back.png;36904;32F770BA13C59C002CE0BBFB290D1BFA908DE8D1EF75D53B4EE883639EE1871D
game/assets/creatures/031_Solarin/front.png;42746;D8AFE8FDEF27782B2216EEF025E1C36EC4B7AF25F8433AA4E1791CEA838A9DF4
game/assets/creatures/031_Solarin/left.png;43266;0F3BC733CD11DC77893945A5CA3801C15A616BD728DD191C1F2FD977870AED63
game/assets/creatures/031_Solarin/right.png;43897;19F7D41C4A6E4CC10543061E20A557F4F000ED6E5355E7E0D4B6AF9BEF211A1C
game/assets/creatures/032_Solaror/back.png;46751;6E518971788E7B8028069AF0B39C697E66D2EC08CED87FC71B440393376C6FF9
game/assets/creatures/032_Solaror/front.png;58329;A526068BE314DC76F726D0B23558C5389BEE117EDFBBA417E3DA2BF8EE01B0CA
game/assets/creatures/032_Solaror/left.png;62703;A26F8C60FD7FEEEAB6388B7246E3A3E58528BBDECEB6506D1044173AC6292D7D
game/assets/creatures/032_Solaror/right.png;63300;3DCBB6104078A761969C63B846FC3E917E8A6BB1B4DB95BFB5A5A2D2E1D5B8C1
game/assets/creatures/033_Solarex/back.png;58209;F0EBBC87615EE9E01D360A7BB0586B15E359CD8B3EDFD908D4F7F94314FC6E28
game/assets/creatures/033_Solarex/front.png;72934;25259F38BDA7ADD365A0F3CF4006EA25988FAECB8BC7E365CA06E3C4EF06F550
game/assets/creatures/033_Solarex/left.png;80712;89B0A90A3356FA1A984A8BFD6D91160436B2E4856832E35E62E330A79A4354B4
game/assets/creatures/033_Solarex/right.png;80978;BEF69E5ECC2DCD54088FAE38C3CF7728B3509C68AB39C4E6977E4F67BE62E71F
game/assets/creatures/034_Cryoin/back.png;34715;07715FC492CF9CB8535CC57E17836BDFBC08D5236233A1FC21CC0C3195636521
game/assets/creatures/034_Cryoin/front.png;37335;78CD446D72BE0D4068C268029FDAB25FD1F13A02D99CE36D4571AFD71E6B83E7
game/assets/creatures/034_Cryoin/left.png;28762;7263C61F5A1C8B0307B0D0647940BBA0DBC4E62D476BF7F31D7B0BE9D0972D93
game/assets/creatures/034_Cryoin/right.png;28983;30CFF800121E9434B61BAAFA22E2E596064A77286D39327FE287609FFE33FDFC
game/assets/creatures/035_Cryoor/back.png;47404;E956CA93B011B948F197D92BF098CB6862E76053B888DD47392C4154A76DF3DD
game/assets/creatures/035_Cryoor/front.png;48595;F01E0CF6385D9503371DA12941AFA54D6C076EAC18BFD5A1159546D1307BC982
game/assets/creatures/035_Cryoor/left.png;39189;07E53802B248FCF2782C70CC781A399232F2968E062A506B6CD70B9DDC5D8267
game/assets/creatures/035_Cryoor/right.png;39307;772262D0703903CE8CEFD0543F2F39B7874731C89FF28247D30BBA1D33B84A04
game/assets/creatures/036_Cryoex/back.png;58557;4E894BDE8C75B433A9C9C1DD078EDAB9C3C9544545F3F82C6944419A3B25760F
game/assets/creatures/036_Cryoex/front.png;58960;B842E9D19004FF23682EF0D2B61E015E16DE1BC9A7F1583D7047CC07D83BCB7D
game/assets/creatures/036_Cryoex/left.png;48027;E82E11E97E07F859E090FA11DD38F7AEA4F29D492A1F353698AAF3960D73AFE8
game/assets/creatures/036_Cryoex/right.png;48294;8FF798527D9628E0A5E2AE27A7FEE42D120F91DA8B9B1A837FA424960C09010C
game/assets/creatures/037_Lunain/back.png;42402;1B97280B8F6B4A97DCE86A9DFA4C09DE5BA3BC59B8E465E3EE7212E41477C9ED
game/assets/creatures/037_Lunain/front.png;48896;E78A72DE6C0BFD54FFE49EE3D1A2B887DAD688A0E58B71FACB3AD3D570A9AE2E
game/assets/creatures/037_Lunain/left.png;41502;B1BBA1E780AAFC44B10592FCBF1663D0BB7A96DB9EEBAD02176A35AC49F31971
game/assets/creatures/037_Lunain/right.png;41442;1EE43B6F7CA2BDF9731965001E99FAA771F179E7FCF4F6DF220A57A743BF93A5
game/assets/creatures/038_Lunaor/back.png;60984;14D6757E1B456BB4DDD46CC24A4DE07299483D5DAB28F37684864786CC584A39
game/assets/creatures/038_Lunaor/front.png;65927;15CB0DA9523C73CFCBBED671BEFEDF97248447665D571B4FBD74901C1B0F04DA
game/assets/creatures/038_Lunaor/left.png;54506;63BB391EAE9AEC830AA1D3371C101A707B9DA71D0AC22F10B159EDD0065A1565
game/assets/creatures/038_Lunaor/right.png;54640;2C5556A306726B399A90784DCA290481204049F7EFFAA2203789908A96872072
game/assets/creatures/039_Lunaex/back.png;77324;71E1F0B0A82881290C790450EDF951C3F68B8D18952CCBF323DC0CD9E4BC5E05
game/assets/creatures/039_Lunaex/front.png;82219;3ECF62250155BB5DFDC6F8F20D23F00FEDF02B63698D233044921A8DBEFE057D
game/assets/creatures/039_Lunaex/left.png;69685;C30C8FA5F96DF2B298FBEC8E4482AE10B8A7E9C2F7A5754D47C006E2274DAA29
game/assets/creatures/039_Lunaex/right.png;69232;25A7F65B8F90F4DA3962F584AAD94B96A0CC7206B8D0C1787EDF9D6F3783773B
game/assets/creatures/040_Terrain/back.png;39882;9624F9841EA69A9116BDF7E07FA66AE64BE2801BC9389864C1009CCEF4368AD2
game/assets/creatures/040_Terrain/front.png;41341;98DECB8AFC3302B9009579ACC9677D1261869A5897D983F17A11816DD7C39968
game/assets/creatures/040_Terrain/left.png;48384;C881764699FA10F39895983273B51ACB48DEECAE3C13097724E50D0839E86329
game/assets/creatures/040_Terrain/right.png;47967;DE42D1C34B5398814D3BBA4CE9946496B71264EC73A361565688D91A55AAA14C
game/assets/creatures/041_Terraor/back.png;52316;1D86403051A428E9CD6D134B97EFF991BF6A0C20134DAFDF312ABDA83D23DBBD
game/assets/creatures/041_Terraor/front.png;54335;BA65859C10F386AD0551AA6B830B3742BD58B8823BECDD11CE465939CA3616AD
game/assets/creatures/041_Terraor/left.png;63220;74FFCC78A80198EE7447D6B5E8DC67CA8AC7356765DD0C23F5B2C105C0C63574
game/assets/creatures/041_Terraor/right.png;60833;4D7EAFB1BC06CE8AEEF25767DC15283C2DE4AB2726D4CD6C31E7EB942E0B4F29
game/assets/creatures/042_Terraex/back.png;67818;094A58D47ADD6B5BFBB2493B42E20BF03B46F24C6E62F58D4D153D13E4C0ECF9
game/assets/creatures/042_Terraex/front.png;70905;98E0FC48BEB9F98C5458F7771FA0E818DF75BFD23155F0C71737BF81B5F4FFE7
game/assets/creatures/042_Terraex/left.png;77552;F64AA1805078EA168B1826C00B80B1A6908F015345A4C2E3A31B6380ADF0A9CE
game/assets/creatures/042_Terraex/right.png;73864;7F1D9B50EED0C3FEC7A98D8929069405B07A244EB40151D209A019E3CB795ABE
game/assets/creatures/043_Fulgin/back.png;36543;AF8514654C82ECD8FB857DB086D836A1F9B8E110E1BA47726FF08247393512F3
game/assets/creatures/043_Fulgin/front.png;44185;BDFF34D71757254203005AD79A4D2A55A74BDF2AB3218D4129589E4B719E823B
game/assets/creatures/043_Fulgin/left.png;52186;50014E0B897A2FB3FD85FB7E8630FD542CA90940DFE8246F8E587D96430D6C1C
game/assets/creatures/043_Fulgin/right.png;50999;EA7D06DAB6FC97BF2885CEDA022CDD411BA36CB3441BAAD41FBC060BD66C186E
game/assets/creatures/044_Fulgor/back.png;50463;0007C849B6F58BCA1D0A823F771B4A8D0089A1747FC428C4FB22A6B4FC5FBFB9
game/assets/creatures/044_Fulgor/front.png;54932;571CEAE009FB9794103F288782B776BF2031C2B96975F56B5077084D97AEDF8C
game/assets/creatures/044_Fulgor/left.png;56229;749439B9E0DF3191F89A84F7670687206E41373315F23DFEE3F7E5CEB43602AF
game/assets/creatures/044_Fulgor/right.png;57830;0A969E24AD97D338CE0963557A927AD593A1C96C6BF8119ACDC27A4C33C9A797
game/assets/creatures/045_Fulgex/back.png;60245;5F368702834D9992F4A2F898C9C6EF26A13723C2849781A20614EF8ED84BC3EC
game/assets/creatures/045_Fulgex/front.png;59177;A741BA966B27F3BF6F7C52C2D0B6FF952217780F124B69DA7DD3767F4DAA54DA
game/assets/creatures/045_Fulgex/left.png;81350;FD9CC928E9D4B3892FADA1855CCD00BEE8B8602344636061C8DC6C77081C691B
game/assets/creatures/045_Fulgex/right.png;77496;42E55EF980E9336C1029F338A91BD8EFB21DEF68D2EBD63298D0A49A0B395B63
game/assets/creatures/046_Sylvin/back.png;45915;4792F908661D96BB5C28133C4214D92B317BC96E8A9C44AE1B683A8979AF0BD8
game/assets/creatures/046_Sylvin/front.png;42485;6246E396F9D14196DC24C7BED62CFF2072682EC91F039BF519C9EC34B2D9B7ED
game/assets/creatures/046_Sylvin/left.png;41646;8D9CFC37A232A4FC57C2CCB682067F035BBF76AE5EF3CF157B5A42FA4CE17837
game/assets/creatures/046_Sylvin/right.png;42120;9C6ED7DDFEB2183D305AE1C4C6B62B159E97D5B6F3ACD0516419E8EACF1709BB
game/assets/creatures/047_Sylvor/back.png;59052;10F73E9E882BC94F2C8B9F9F514236778D7975FD9F2418B2EA3608FE9453ACD8
game/assets/creatures/047_Sylvor/front.png;53730;71DAC73D9BFD57F44D99FDA07912C197D64542DE5B6F784F172362E4D1B020A7
game/assets/creatures/047_Sylvor/left.png;55462;278F9E65F2F14E97297507DF3AC4C8B560D748B48A90C400C8BE0240B81D130D
game/assets/creatures/047_Sylvor/right.png;56176;6C30EC2CAC62B706B93E285102AAF59F3D87AD9D8382D751301B89013A9F7F7B
game/assets/creatures/048_Sylvex/back.png;74423;BB390185CB442DEA3D7221842F3FEC1A17214D964A7EAFB5472C5049BC27F8D8
game/assets/creatures/048_Sylvex/front.png;72370;0BF5F984DCC327ACC4BF037DBBDD3CE7BBF14210D3EFAE666A47AB762FF2A656
game/assets/creatures/048_Sylvex/left.png;68031;0B22B0DD581395F81CE9155A85A3544E9188885F2B97108DB7ABF4D8D56BF119
game/assets/creatures/048_Sylvex/right.png;68476;04D13178A7DA7E9CABD5E739A508D47E3AC4AA57E2B1DDC625A2E381BC56B44E
game/assets/creatures/049_Coralin/back.png;32026;FD06BDDF8AB0489C301E4B07AD6F2C772348A16B57BD5D3C701919E8AA7AACA8
game/assets/creatures/049_Coralin/front.png;33423;01EA3649E3E022A04F82B8E385BAE2D1EC1DBA05F4DAF40DCF47A232D7102677
game/assets/creatures/049_Coralin/left.png;31897;8FD53F4A21D59AD81473381EEDE3ACD5DFCC43597333ACA4C7F228E5D5C3A0B2
game/assets/creatures/049_Coralin/right.png;31873;EF500B372B061F4735EB2CFDAF039FFA4D52579D36EE399B3B7D1ED33CCEA863
game/assets/creatures/050_Coralor/back.png;38445;D47A362927828B1A1EB135C1D233A41E7AAB8DD7ECB82837F363743E9E153C1A
game/assets/creatures/050_Coralor/front.png;41073;74607423AE24205A644A27EB88D8A242A0B618E13F3A466D2A1B7684B0CABA41
game/assets/creatures/050_Coralor/left.png;41213;CF0B3A0054DC12888411C45C8CED4C83ACC0D7BB1479ADBB148922338F072DB2
game/assets/creatures/050_Coralor/right.png;41247;A995733305FAA25B70DE7E0297DFA228A54FD4C13ED9B96AB28F2302DA378DCE
game/assets/creatures/051_Coralex/back.png;63704;D35347DC6E52F87E176258FF1F77544859F3A8F16494B4DD8F6FFE1C25E6B522
game/assets/creatures/051_Coralex/front.png;64250;E9194B1A1A093AB2EA6C78962A87B514580ECE4CB5C0D04806558507551E9368
game/assets/creatures/051_Coralex/left.png;68439;EC6B8CFD3357E59EE063C7C8BF117386F5851EFFF42B7003376C2CF1DAAD35ED
game/assets/creatures/051_Coralex/right.png;68243;0D575D34209AB1ED57C9B17D58405E3CF57E918D771973E095E3D920EBE605B2
game/assets/creatures/052_Cendrin/back.png;43461;4ECAC0DAC7DE837A7E04404E80D9601695490368BF8E409218795A8DF4DC0D9A
game/assets/creatures/052_Cendrin/front.png;44036;6A630A1609B2292014C4CF06F494FF7277ADB3A488F48824A0A602B7CBA0C620
game/assets/creatures/052_Cendrin/left.png;40733;9C1D89E0E31518410C8DC7B9055E6469420E0BEE37DF383F911ED7EEE7969743
game/assets/creatures/052_Cendrin/right.png;41099;0CEFF046C5138A42D0B5992E45FF878CAEAE894B915D910A2E3B0A7CF55FE263
game/assets/creatures/053_Cendror/back.png;48715;DFAB3DF7738DED516FBFEC9B0C2220C7977B5DB25F1D8F257871076235F878A5
game/assets/creatures/053_Cendror/front.png;50592;4D6BB474A79CD1AA7C5BE63858E2E2C87AC88E93C9C9FAB9422BD3BE12520D58
game/assets/creatures/053_Cendror/left.png;50724;560BC396A6EA8E2EBB040DE26E90206A9AF392D50AF65C97CC7611B57B1F2972
game/assets/creatures/053_Cendror/right.png;50790;65E97E74740AECDB91BE72C8CC963052ED77179F5215098BF6CA132773E9EDBA
game/assets/creatures/054_Cendrex/back.png;61900;E7ACE28BD8D62E4A8670FBA1C4D8BDB24F09D4730CFEB0955B80FD6FE96E3DB7
game/assets/creatures/054_Cendrex/front.png;64338;033BCAD2F147ABF5F073F934C2DDB47CAC53A17B0A7F0D495C5DDF84C01F89C4
game/assets/creatures/054_Cendrex/left.png;70774;B0FF39492C06AE22AE40AF95A76D09AFFA6F1CF548D3F626FAE3B94BE3E6BA8B
game/assets/creatures/054_Cendrex/right.png;70812;3F9E772B4B6FAA8CDF5B081A309270F42D4F895B2EF2B72FEF836FAF9F33B217
game/assets/creatures/055_Onyxin/back.png;40472;4244BAED2293B20305B0C36B2266E11BE732B8D6F6FA8ABEF61202856C1CD731
game/assets/creatures/055_Onyxin/front.png;37425;4249244537CD7882A6FAC48453D18CC94B3FB86A93B5A93D0FF62750A3C47BF1
game/assets/creatures/055_Onyxin/left.png;41418;2081856270814685FBCDC22AE25904F815166D21426C4425A0A35507F03E56E0
game/assets/creatures/055_Onyxin/right.png;41620;C8C942545B018B3D3BA7ADE7047C27DD8FAC22FC26ABEF246CB945FDD359E922
game/assets/creatures/056_Onyxor/back.png;45329;76AC08B3477DB19591F189F785CC71787F50DF7181251A7A04C93975E5AC7E7F
game/assets/creatures/056_Onyxor/front.png;48144;1036F90912CEFADB3A10DD77F3C843E5C3F854EEF0CC212510CCD3C7D61615A0
game/assets/creatures/056_Onyxor/left.png;53324;642AE8024375327B440C761E1230A5B6C20C40202CC0D316DD9533F045DA8759
game/assets/creatures/056_Onyxor/right.png;50998;92C9271A447625B8B0A2517392EB0EB7D6106C82051A4B826EBFAD0FD26866B7
game/assets/creatures/057_Onyxex/back.png;63255;FCA8E7D16198893D63A47A5BEB3F53AAE6B2BC05DE68074D97D3A5C9CBC1C9F6
game/assets/creatures/057_Onyxex/front.png;63377;90CC76881F812ACE063B31200EAC068EFC7C2BC3DE564A49C2F6833D576C0982
game/assets/creatures/057_Onyxex/left.png;81274;24BA8FA54C5A59CA4B626974512D5CCB55573B114DD4DF865B4DBEDF59688403
game/assets/creatures/057_Onyxex/right.png;77059;36BC06B5C6BEE8E07005A0632D6BABF386BA33B84F60B942261CDDA1D30C5B00
game/assets/creatures/058_Azurin/back.png;28847;85F3141A5B20DA9B3CCEBCAFCBAB937DEF8AD4EC363C8AE2A96A08CE3576FF99
game/assets/creatures/058_Azurin/front.png;31313;9F5EED965850D6BBA7E0049AD0460F54D00B2C9F41FA9EFDBAAD3EC8042290AA
game/assets/creatures/058_Azurin/left.png;31069;73DD4698DC86DE74E720F955632EEA3F6A180C0DA363BB2F7996C9FC8866CB02
game/assets/creatures/058_Azurin/right.png;31032;45CBE2BF4FAE66EAC02C3C4601F5146F15C4D4670BD55FD8261BDD2B3A27AEA4
game/assets/creatures/059_Azuror/back.png;41656;7B757741CC6426667FC3890B4ED08AB404EE610D8E55C4EEFA85949048A7684B
game/assets/creatures/059_Azuror/front.png;45468;7041BC1EF6A9FAC851A8D18A3EF2D0775394E5FABAF2EB6C6371E474FB662B59
game/assets/creatures/059_Azuror/left.png;45195;BA4E4A3FED24C41DD084F220E7C123D9DD177C2C797785A3FABB86A11187BD16
game/assets/creatures/059_Azuror/right.png;43895;E4BCB9146472F3A57BE52EDFE5E8809C9C280A7FD661E4B41418D480D5DC0B2F
game/assets/creatures/060_Azurex/back.png;53614;29381C2087AAD7DF85A0EAD99BE6B6629B02D1D5020AEFE0C25DADFAFF4B1514
game/assets/creatures/060_Azurex/front.png;59232;A54C3ECD304C06FCAAE2C7B986AA56329AB124F9C72A61F3E0CEFD30EBFFCD5A
game/assets/creatures/060_Azurex/left.png;50308;0091E4F4EA43758D9F25759BEB3DF5C9A55B509786C1605108502CAD507DAF9D
game/assets/creatures/060_Azurex/right.png;48388;6F2FAE79428CB4BB34DFA7068F2DA8EB9C109F227918F0B004A75FB92E068BF6
game/assets/creatures/061_Nivin/back.png;37071;E234518793FAAD994F38B0EAF6A7A3082322D5C4A02841C60A007AD1F6D24953
game/assets/creatures/061_Nivin/front.png;39000;335AF361F1962AD5D73AC9963AB695E64684C54246E5380F7196011406906E85
game/assets/creatures/061_Nivin/left.png;33656;7D82480369CED96051228D9D52EF6865179030D4F8E54502F7B8B0BB64015FAE
game/assets/creatures/061_Nivin/right.png;34514;B5C918A67E681F384B7B6874B6E188E9985389BF77A53C8EFAD8CE254BAE8384
game/assets/creatures/062_Nivor/back.png;48693;CAC248539A4C632522F625180ADE126FEFFD9BA6A5FF2DD74055CF2DAE29939D
game/assets/creatures/062_Nivor/front.png;49783;204B1A21A3562224560BBDA42F1446D1C283DDC1C096832F7B657A6A3E439453
game/assets/creatures/062_Nivor/left.png;46161;98F0BDBC2AB01C50349EEDAAA63DFA9C424336B3E1E4ADD5244009EB4B533D92
game/assets/creatures/062_Nivor/right.png;47405;57BE745DE32D53B31874D30D09BD554217201FC17D0C125641CCF35E89EA3B60
game/assets/creatures/063_Nivex/back.png;55981;9CAA635B772C5674E6ABE073CA8EDA091DF3EB5F99AB812C829CDACCFAF31408
game/assets/creatures/063_Nivex/front.png;61287;8B5CF77EC41B181AF029B3771C1BA6ABB4038FB2BB1EED39EA18E78D6D8324B1
game/assets/creatures/063_Nivex/left.png;63555;903DC000C89615A9C3C213D693DFDC0CE7FA76E909947DEFB22183E17132FA35
game/assets/creatures/063_Nivex/right.png;63115;3196556314AD74A89B33248069E679304BA00778F1E9DE692CF5A2FE44979D31
game/assets/creatures/064_Muscin/back.png;29241;2E0B10CE0A3F25A10B7F74C1A036D1824D185B3E7F0EC74EC861110665C1CD6D
game/assets/creatures/064_Muscin/front.png;29928;81C6C9585755FB7EC0DBBC1CA388A2B17A8FD506A101B6F95B29C63CBF3C0D54
game/assets/creatures/064_Muscin/left.png;35013;944889BA25D3BADF61510B04DC639AC894C78C9C1DFFD0B8C9429695C63BB13C
game/assets/creatures/064_Muscin/right.png;34935;1B6FF19C5EEF66C7C1E7BD7B1B31E24D72C993E87FEB33CC348AD1F47BEC1919
game/assets/creatures/065_Muscor/back.png;43278;5FE1EF214D052309B86C5FE1AC13B39A9B8C6C958794B49882BE6FBC05D35C2A
game/assets/creatures/065_Muscor/front.png;45632;8DDE845B04E12CD4FC640BE124830E7B687D903EBB5BFDAF51B747A856454FCD
game/assets/creatures/065_Muscor/left.png;49530;FF80CA701AB1C4E3229FAC521BB4EE0249924893E257B8D9B6FBFBEE2B7649EA
game/assets/creatures/065_Muscor/right.png;49282;F1219661481F4BEB49EC7E9005892902BDADB935D5D137CCD9D5BC33D2BF933D
game/assets/creatures/066_Muscex/back.png;74713;949727A54E123A94E3F73F2A9F55F94712E6590D919B2C8D59D84EABF3596F00
game/assets/creatures/066_Muscex/front.png;81818;B2E11E361B88CD11347529917C5512F8C1C922B47BCF219242E3F230FCB9352C
game/assets/creatures/066_Muscex/left.png;78718;8EB1BB9D743858FE21BF167CC3BE300B9EA2AC7ADF3C21571B2F51BBDE3CAAB2
game/assets/creatures/066_Muscex/right.png;77737;979F5392E053EEEE0A2E4BD12D354C17E943B8FBE02400C4D84DB37F79CA1AB8
game/assets/creatures/067_Runain/back.png;35613;7D7EA87BF94736D1EED3A32BD17543CF102486685BCBB5A250E6018CB37C3E3D
game/assets/creatures/067_Runain/front.png;37115;380B5155B94BDD5488DD20688302F093A2F3074B93A5B83DDF1CAABBB4ADDF74
game/assets/creatures/067_Runain/left.png;29079;74DC56B3CD546AAAD5E88D01B02C074C1FC73990E866DD81E0A345FA432D940D
game/assets/creatures/067_Runain/right.png;29182;71111FEB92E3434625BC5E32D629132729628CA6F823E26D0ABA171724D96D7B
game/assets/creatures/068_Runaor/back.png;48813;99FC4BC2B65D3D3FF1FAF280A183FCD050DA0F3ABFB6C42E99E1ECD5DBBF16F4
game/assets/creatures/068_Runaor/front.png;50315;FD2B230C56A240128B56F4028C327C5F924B13B62C88D6652B553FA2B3B03A69
game/assets/creatures/068_Runaor/left.png;34341;4B927B47114E6BCFEFE7E8C5E848B29DCC8495BB5BFB2FDD9606B834221174F3
game/assets/creatures/068_Runaor/right.png;35352;6980C0EDFD0A9FCDDC4B6A541D67F371073C43E1C0D5B0AC4D342FBF45A3D7DD
game/assets/creatures/069_Runaex/back.png;86871;079E63D82AB8C4AD392830BC798A8F987E99931FF66573750FADFA2851B636C6
game/assets/creatures/069_Runaex/front.png;86857;C70E3C1C0A5809911345FB86A7AEBEB914B7AD583A766230790B3545F7DF3814
game/assets/creatures/069_Runaex/left.png;55555;61E754823D97CD1C27AB003D01662C6EF3CC83ECC9D0722C0DD75962054EDD98
game/assets/creatures/069_Runaex/right.png;57641;2C09BA6719082D86AF45E3B30F58E1A33A85E48044EBAFE28F5E199307C321D4
game/assets/creatures/070_Aeroin/back.png;32971;B3F8C7CC96AA581A2AE2BC4242F104C1A844F49CB475CEC9E370CA1F550F7F4D
game/assets/creatures/070_Aeroin/front.png;35131;BEBBAA8D60A467511C8B612EB4784395B918565ED36CF1C6FF307031273FD03A
game/assets/creatures/070_Aeroin/left.png;37568;E4A48DC9A9CF6476E769967FEEF6D101EED586A3FA04543946498CFFF92FB230
game/assets/creatures/070_Aeroin/right.png;37374;4D479CAC0BC92D509DDE904B9A93616E2E649B5E60A074045A18E777073203F1
game/assets/creatures/071_Aeroor/back.png;49032;3C93507AE561264C582C21BB48D915758661617FD6C57AC86A7E6E8FAD38A673
game/assets/creatures/071_Aeroor/front.png;47000;BE082B3CF6825B7E4E41F4BA607ADCC9C35C4511301B06F4DBB283872A2C449E
game/assets/creatures/071_Aeroor/left.png;54620;7548B92093E84EBC63C31985F204E56DC29DCA091702CD5626F10850F7DF91C4
game/assets/creatures/071_Aeroor/right.png;53530;8408B19473F9393E94A6918113CBFBA0FCC88FA0BDB2B9489E1108B21E3FD3BD
game/assets/creatures/072_Aeroex/back.png;65088;6094AF340A00B6BB7E017644916D2B2163584D544E0DF1EFE6CEC117E4F9281F
game/assets/creatures/072_Aeroex/front.png;65769;D6AA2EA3DBB2D04E43495F2028B7F72F3B468AF662632943DE2D16A695489D74
game/assets/creatures/072_Aeroex/left.png;77096;0CA26996C9B1A3C5FFAA9CCDD218ED88DF59D89B521AF4A30105A79D545D5A99
game/assets/creatures/072_Aeroex/right.png;70608;103142CB2849C62014F1C9FF2EB62E9B9254A356665384E1BFBCAA6CDEA79C4C
game/assets/creatures/073_Dunain/back.png;36432;3F12A07F17C65BC41738CE617F9ACB6A9DD86A2580C1EBC9E63FFB1C7F91C6DF
game/assets/creatures/073_Dunain/front.png;36507;577CFFA6CF73C0BED03025723D9ADB382B5C2B7A1F7ED949BA00FF1A980E1DC2
game/assets/creatures/073_Dunain/left.png;47594;BDD61CFE8E4F2A1531B8CE86466FDA1EDA6FC8CA40C25F0F4E84E51C1EE7C582
game/assets/creatures/073_Dunain/right.png;48082;0FD7BE4F1CDC1A883FBADA63641E84FAB3EE5B389BE6CFFE14D9D1B3F177A699
game/assets/creatures/074_Dunaor/back.png;39842;E70F75E00585EBA1FBACBC28928E5D7F8DAD46FEC45455FA81F7B2A98552C71B
game/assets/creatures/074_Dunaor/front.png;43260;28966931C150FB0E4846FF6546F534EC2B9CD46DDF9BD833D8E43DC4E135A912
game/assets/creatures/074_Dunaor/left.png;62078;21A871772B33003D002EE5F6B24EC5AE19F860EE7F7C37B82D7C2AEC581E00DA
game/assets/creatures/074_Dunaor/right.png;62117;B602D48D1A06F044FEF2CB0606B09D9E82DFD8BAD68263148CF1FDB4E04ECFFB
game/assets/creatures/075_Dunaex/back.png;60815;4752773AA3143B66FEF9CA8E1D27B38BD0ADFBB854E686F1B36B425E1F308B63
game/assets/creatures/075_Dunaex/front.png;65091;49D1EDE5B94685DDCD7FB99706A937289B12E28F8C34553D8551AF07E4B3C7BF
game/assets/creatures/075_Dunaex/left.png;93092;0788613167B36D48A0A9C874F006D78217E93F81E2F36BF0F12A328F8FA67912
game/assets/creatures/075_Dunaex/right.png;93054;C8312246F483922C96C41E0ED455886A3919256A4FFC3778E56D5E6D57B53E66
game/assets/creatures/076_Prismin/back.png;51048;58C4195ED0EC168ECE2BCABC0D3269D4E6B4A2B8C1E3086D1E230A2EAAAE2EFA
game/assets/creatures/076_Prismin/front.png;50497;1B8CF01DD339867AE7FA4923EA325F372AE833C204E41A5740C0A8ABE799A518
game/assets/creatures/076_Prismin/left.png;40184;B08D9FBA2EB5333B4447FA9F4E8E2B6BFA7FC5268EC30856A030B2FDF6798AE7
game/assets/creatures/076_Prismin/right.png;40516;461BDD65AE50BBBA285DD15371A13F26344AFEAAEE802CB369B6BEB65FFD4344
game/assets/creatures/077_Prismor/back.png;66323;DD5F39E6F57CCB6FC427FEE7843674C3FBF24446C4C2306F8A95E04C2E676D9F
game/assets/creatures/077_Prismor/front.png;64340;50E8180B30331134DDD01ADE883DEBD37F97664A919A99018A1ACE348BAAAF9C
game/assets/creatures/077_Prismor/left.png;53206;EC95EEE0C2449FA8777029B6A472C9AF6072C893A617A49DCA1982D32D2F3399
game/assets/creatures/077_Prismor/right.png;53599;684A120F17B9BBBADCE51AC47845596D13AA4958B78ABE54223E0D3792B8699C
game/assets/creatures/078_Prismex/back.png;89806;343158FDC454747CD42F8118F83B3BB1A70101BF5F93F66E3A5B9C8FF22CFFE6
game/assets/creatures/078_Prismex/front.png;90037;14AA90C64149C5B6B8708E8E9E292931AA1BB2DDBCDE3AD040D0317FD80F53EC
game/assets/creatures/078_Prismex/left.png;66886;5572E1E46F63C7A451C965A42BB7872ACB92A432D903F87D826EA0F1DC3D3D92
game/assets/creatures/078_Prismex/right.png;67245;8CC11191306E5D87C37FB90F5C848E5AAEA3C263D28E774E3CD8E73B29AA18C2
game/assets/creatures/079_Sporain/back.png;39676;CF4C0CDD4A57E9A2357EB2EF701CD32E6EF4BFD2C07FB2E8000B17E23B7C357B
game/assets/creatures/079_Sporain/front.png;39167;DB8FE782B614897AE4BAA54295B7A6B15A09AD149DA7BCB96BA4D868138696E4
game/assets/creatures/079_Sporain/left.png;37947;962D89D09997254BE41E41B989406FE9081EA314A23739E835E9DE9B185FB686
game/assets/creatures/079_Sporain/right.png;38125;9D5A325154631273F52AA24258B8050A300AA87FB2940C938300F00B95084F0D
game/assets/creatures/080_Sporaor/back.png;52844;2639D051D1F2E5127E709076849E8A0E57CB2BA5F70FDB2DB321D2B252D92182
game/assets/creatures/080_Sporaor/front.png;53392;EC1100A1F8EE7FCCA1DE3A92B1B60834964206DEE65C23F54D921B910078CB47
game/assets/creatures/080_Sporaor/left.png;45459;07BEB8BCEE9A72512DBFC464D2CAB69E1CDA3336606E64E0D211CA0E37CCC8E8
game/assets/creatures/080_Sporaor/right.png;45477;CDD72F92F682A281831D8B322D71BE3543F1190A4B4C7503BB8650CAC4D3E830
game/assets/creatures/081_Sporaex/back.png;78950;D5303786CF53DA363FF0EAAFE7E7F1F57CBC08819ED38C47823F1F9038B9D90C
game/assets/creatures/081_Sporaex/front.png;81105;A67C6B47175143AD4BA8AF0F6106C980A5D1A8130E431FD4031EF7299CB0F412
game/assets/creatures/081_Sporaex/left.png;67041;38FAB86FC068A9DCF78A927AF1EE2B765D55480549D5C26C2EC256DF2B4F34F9
game/assets/creatures/081_Sporaex/right.png;66724;23A1B5C7BD096F3B595EF04DA2BD8179BD50BC748CE9E4EB872D0E83781C7099
game/assets/creatures/082_Feralin/back.png;35831;D53044BDAFEDCD2016BE1FEEE5DB4A6F75904991EF3B57FAA25DE82C21E926C5
game/assets/creatures/082_Feralin/front.png;36203;2B70151C9AFBC3B87CC380FED946B623DE859606063D1BCCCCCAAAB0A9152905
game/assets/creatures/082_Feralin/left.png;43654;FEE1CF473E875973D9850D033D77F75FB2B2696B2732A6890251545F2ED9C5EC
game/assets/creatures/082_Feralin/right.png;43626;E2BA3880F3F6C5CFE910016C131E5C95B5E3298878DE7A84EB136E30AFAB3660
game/assets/creatures/083_Feralor/back.png;40967;0F931D7A9E810E0CD086901BCACEEC567CFF37722B765697505AC4533BD99877
game/assets/creatures/083_Feralor/front.png;43871;EAC2D08FD4595656FDC6BDDB382398A40D256EFF2790CC08032A914A95DB538D
game/assets/creatures/083_Feralor/left.png;54883;2F740A91CAE2EFCC5C979D502472592E4E3506687F4D985ACC3441F9C2113A05
game/assets/creatures/083_Feralor/right.png;54661;D528B27F6A5D4FEA1FC07ED12F480CA6EC305139A42112DD32536F450A54AED3
game/assets/creatures/084_Feralex/back.png;52585;CBB1676EE22CA6DF21698A2D9846E267CBF611FEE9BECD3C891BD64EEB07A58E
game/assets/creatures/084_Feralex/front.png;61571;E3F0CE4659C4E9C3533572E7966430725B49C1254E33B0C646ED45D8D49A3871
game/assets/creatures/084_Feralex/left.png;71180;A75F60D06A1D9D1AC4A9FC385C755A7EE50C9F8C6AE231E16F52F450968B093D
game/assets/creatures/084_Feralex/right.png;70039;F4108A1110B8C770802E1EE0FD9460A9B90D4B843756B7D989CF8BFA6FD09C5B
game/assets/creatures/085_Lumain/back.png;41194;96AF335B40C45684A91411885493CFA1017BAF470E29F75D3C220FF452063F6C
game/assets/creatures/085_Lumain/front.png;44820;EE8D3600EC1428B11E349C1992F490D20825839E98CA7DA7C374F2999C46D26E
game/assets/creatures/085_Lumain/left.png;35823;E6405F8BF47183CAF60BB3DA730EC703932BA11DDAA698F48308C63B80F94E9F
game/assets/creatures/085_Lumain/right.png;36059;9C66136238BE1BA1DE39E5721ADA210A99BD612147A3E787181F46CCF7A015EB
game/assets/creatures/086_Lumaor/back.png;46205;36708605B580E792514B6ED6915C5DD1FE5F9F9D170A5AED6296D71EEB970B19
game/assets/creatures/086_Lumaor/front.png;50064;B3C9E90B87CF0DC765ED6E4A457F8389D01879A069BB4724CEA3CCA6AA0A2008
game/assets/creatures/086_Lumaor/left.png;45674;EA04FB6C82FC339E3336FF7AAB81AB8190E7FF11BB4888EB5BFAC3D2D85EA2BF
game/assets/creatures/086_Lumaor/right.png;46216;BF75CF826A8A930CDAA26CE1E532480D8EC3CA900DBD8A896E5EA0E3A528E0E3
game/assets/creatures/087_Lumaex/back.png;64994;0DFDAF318089419401F0342BEAECD48BF89B7EA0E630E8DA708111B82B68DA3B
game/assets/creatures/087_Lumaex/front.png;67671;ED207A2D1097FFF728F99F5C8B85A755EA251B03DE1254553B5F8D75B41E7013
game/assets/creatures/087_Lumaex/left.png;61342;639B18C7604EE5D7AD9BBD09650CC3B87A98E6834A35C0EDADDBC52B7B7308CC
game/assets/creatures/087_Lumaex/right.png;61458;02F74780CAF3F8D8F0311E1ABCC4E9DACEEF6213DD0755AE7B62F9E1473AD445
game/assets/creatures/088_Marein/back.png;37125;669E549DE44BF53374C5CCC0703A925BF602782B66D2DDC7D5963F639504F0A8
game/assets/creatures/088_Marein/front.png;35320;495C6BA9AC1BF694C29114FF2291ADE0D889412DAAFA048B3E27DF1BE76BA157
game/assets/creatures/088_Marein/left.png;41560;6874885EEA371FB4DF7261B905C7A812F6B3CE5FFF332B923A1ADD3FF8AFCDB0
game/assets/creatures/088_Marein/right.png;41015;9F617D5878544845C776597B9238024C7CA59350F0BECC2114D82BCC518371A9
game/assets/creatures/089_Mareor/back.png;52837;9E5FBB780646D6517C3D878CE1B4EAFBE134DB51CEB036E139AE59797F7560DE
game/assets/creatures/089_Mareor/front.png;45781;20E93F3F8DCFC1F9D7F8908EBF513713C8D78C30557A160F11560101BDFC221C
game/assets/creatures/089_Mareor/left.png;53485;ABB8C5CFA22AB2C4AFC9ACF4A6A9CE338680B66A5C870BC653A364B671CE6F37
game/assets/creatures/089_Mareor/right.png;52059;C5492E75ABC975BA373C097D659A444E54984038184487445455557CB39E8032
game/assets/creatures/090_Mareex/back.png;65407;0F9F498CB97AA612AF6A48E0C1BD742E7CAC98CCCBB9FDC3FB25915A0196F509
game/assets/creatures/090_Mareex/front.png;67537;438B5B2409D4B86A0D3A62E1CEE5AB477689B9A31B19F3DD71088F8CDED6BE93
game/assets/creatures/090_Mareex/left.png;75513;9B06D2D425489CFAD00CA8133732B448413D61A3CB7214C64795A31604D37488
game/assets/creatures/090_Mareex/right.png;74463;1FE5E6A357538E9FE1E432CD97AA81450E8C928174B28CD37654E0FA11445F13
game/assets/creatures/091_Vifin/back.png;36186;D2B714F180E2A2386BB1D62D6951938D887245FB2BB254B973D795534D069AC7
game/assets/creatures/091_Vifin/front.png;34893;37716C7A3577D3037127BF2F69FC92E3DC5BB2D68CF8514DC413810F7DE70423
game/assets/creatures/091_Vifin/left.png;35043;D51201EC804AF95AF09FF5099D74BE5386235DC5A899AE9E20E66DC6D99344BE
game/assets/creatures/091_Vifin/right.png;35391;29534ACD4649D4BF7F1DF08D9C95C46A37888D3FC1ACB1A52626065FC985D3B6
game/assets/creatures/092_Vifor/back.png;46749;00DA8212CEB2A0717AB142A30D6AE01F74876FFC2896FF27C4CB6681B72DACA2
game/assets/creatures/092_Vifor/front.png;45819;45278F53AFB88913548604297D7A9838CC658962FAF738F04195B7BEF8C1F62A
game/assets/creatures/092_Vifor/left.png;48285;84AD9588AAEAA0DEF4A9A8ECB3BAE6DA21322D44248AD7641E0BDC26965A6721
game/assets/creatures/092_Vifor/right.png;45537;BDA5423628CDD7DE1B571B59DD872E0CD01859B23A4D82E8034412823E48775D
game/assets/creatures/093_Vifex/back.png;54309;E899D4448277C48CF025B004CB1C788AC9C63538E4137CC1CAB7A338783FC69B
game/assets/creatures/093_Vifex/front.png;58391;3830DD17203CE4F69F40DABC8C6EBF53046D178DA240D06F3270280715E1DADD
game/assets/creatures/093_Vifex/left.png;53279;3055D9026DFA29E369B6AC49355B961A0474F88421A59619E59F6160E1A4B354
game/assets/creatures/093_Vifex/right.png;52673;E0DF04E057DB5DD6116E0969116EB4ACB1543BAAA4090DA6734DA1C8584AEF7D
game/assets/creatures/094_Obsidin/back.png;36085;41401E123045855D329949527D1A9FCEF8823521EA0E68F5245D150BA84A7E27
game/assets/creatures/094_Obsidin/front.png;37071;67A15788ACB512E4219B2C42A15EFB8B6DFC85CF7C7D15A6931BF1A1B3F3A35C
game/assets/creatures/094_Obsidin/left.png;45435;484D37AA991BB381C991BB32E6E74766B413A0F77AB330BFF99BEA491F352C50
game/assets/creatures/094_Obsidin/right.png;46143;517B353A15F7D208C9808BF5E2D890DC04344BCAD85193872151DEEF1A55B44B
game/assets/creatures/095_Obsidor/back.png;44659;E5556BE2F771F178C3692592E40A6EE5C3DDA85CC3FD934E30FA311CB4BBA001
game/assets/creatures/095_Obsidor/front.png;46071;34CA7E7E85957CAEFF6FF0DF1CB1A956CC3793FA20AD3E4E4875903EDC931F47
game/assets/creatures/095_Obsidor/left.png;56254;54005F0DFFAFE7FC071BEA63722B865CB492E21F1CC1621E7C75895B55088B55
game/assets/creatures/095_Obsidor/right.png;58677;0F7F3E6BFFE84152448B7D4F2CDF34E5A408E52F88C070A5068C245A4EE879DF
game/assets/creatures/096_Obsidex/back.png;62545;EB57F7F4A479E832E85CB1EAE8E0938DAD550D6532F2F83744404126981DAA2E
game/assets/creatures/096_Obsidex/front.png;65101;D042B6B86579BB6F183FA8D4660C9A8D791415121944A82AB03155AF27C533CB
game/assets/creatures/096_Obsidex/left.png;71040;43717E4FE0815247321C36B22CE39C2CF486024F8AD428DFAC4FEB22A94F5226
game/assets/creatures/096_Obsidex/right.png;73442;541BFACB9E9E4E1DD2AB0D4239C4CFBCA7431173360C6B61CEE96230EEDB55CD
game/assets/creatures/097_Etherin/back.png;49406;5B7F1A62763090E6347F431FC3DF25E22659DBD867F042EEC28E5D468261E6D1
game/assets/creatures/097_Etherin/front.png;49981;863FB7AB238D11F903B1EAF9508866E6FDEB820CA1E45DBB0FAD385F0F6BF3C4
game/assets/creatures/097_Etherin/left.png;57583;2CBE39363424B68C11A11218922CFEA53E5D3E728CDD270D0369532484EA2FE9
game/assets/creatures/097_Etherin/right.png;58348;5F721FD9E7016B7570DE874EA28A37626AC7CB38BE2CF3C7EDD4B093C0425A2E
game/assets/creatures/098_Etheror/back.png;62213;129B4003611CEBE77EFAAC66AA9BE4F8E83B28E7A0C78D1C084435A0B4D73526
game/assets/creatures/098_Etheror/front.png;63716;3E0744EF695CBA3027A54FE14FBFAAABD8EA1B2F9456E1FB3524710699266F58
game/assets/creatures/098_Etheror/left.png;64463;1F1D1FA69645878D70F1F16B52177F20123F210B2DC540074370A5A55C093CC3
game/assets/creatures/098_Etheror/right.png;65416;D68A92F1D74D2D155A3B00EC0CF2E69D752AB0F669B4CC4836BEB539A0F923C1
game/assets/creatures/099_Etherex/back.png;75833;80C2EAA2A3E3C7835FB98538E791EF4F3BD4A6A78FD8170A3F90CFEDCB870325
game/assets/creatures/099_Etherex/front.png;79343;5567F1CF35D1B402D1DC68A8873CDA4D38B472ED94CBDA77DBC3BB9F2019F378
game/assets/creatures/099_Etherex/left.png;80061;5C4857C8C582B5B831A0B42C23813C8FB6BAE4E19E922CBC042FD1CD237228E9
game/assets/creatures/099_Etherex/right.png;76309;768F793A5559222DCA8592A874E12E91A15C9EC2D05F9FC3FF51A0AC903FBBC6
game/assets/creatures/100_Valdorys/back.png;55257;355CFF0668A98A8973E6B75FB3D78312AC0277F00DC2056050D286A91673AD16
game/assets/creatures/100_Valdorys/front.png;55506;5C92C449577420B4D3615A2CFCE6961E1E417843E2D6C98FD08F28FE53362F90
game/assets/creatures/100_Valdorys/left.png;53671;E9C1E16D8C7AC07EF276140C391BD7AEB2BAFA4779E709B284E5AD043BA359DE
game/assets/creatures/100_Valdorys/right.png;53127;0146B00E97B0D300730C8EF910C49787D3EAB88A00FB7E4A4AA4CF130F8D107D
game/assets/creatures/101_Verdain/back.png;38027;AE6F215715251E66B9ACC3A413839F9530BD3F05150466278E27214E0F6F2E53
game/assets/creatures/101_Verdain/front.png;37832;C1DA1E86190E630D4F46079A24DA171D216E52BF70570CD39B367C97A674EF1C
game/assets/creatures/101_Verdain/left.png;43298;FD2DF0E6170C802EBFB35A429B534527FD684F4E8DF17E1CB47A606A76EC9797
game/assets/creatures/101_Verdain/right.png;44547;182CF40CF82935ACFB7D5709773C034C5A2D3EBFC63DCE9865DA30F41EB383FE
game/assets/creatures/102_Verdor/back.png;49692;D3B74C27B560778BBCE24DF63DA8993057B9ACDAF2C9FC4E8739C0884EEE0B9D
game/assets/creatures/102_Verdor/front.png;51027;A12597551B291C5B84EE396277BCEF6969545BE335DCECD354543545E5E9BD4E
game/assets/creatures/102_Verdor/left.png;56974;ED60830A6C4533502C0BD150EB1146E1093D806AC93B4BC64B00803D7562B9D9
game/assets/creatures/102_Verdor/right.png;58268;47AD6F96A09E646425E8730C75FF966DB23668D7710F72A8F0F4C449D11A24DF
game/assets/creatures/103_Verdex/back.png;69681;3792B1F15C4127A2A257AB3DF30740AEE401BAD382346FA65E50F5D15F0385EA
game/assets/creatures/103_Verdex/front.png;70807;1B5103D3F6F06334D244F6871E181D9DF9BEEA55273725D0540802C4652E6751
game/assets/creatures/103_Verdex/left.png;75463;CE25619E81158442DB0A58E4CCFB70D9AF532995A115AD0A55017CD609072B27
game/assets/creatures/103_Verdex/right.png;76802;D2305D3B34F1D586DBAFA7C0FADD148C46F043B29976EE80F7E50EA3B18AF3B7
game/assets/creatures/104_Magmin/back.png;33904;3B9C4ED71485B12ED184890D686C06E3D259CD338E496D5F21A0337E4134A0BC
game/assets/creatures/104_Magmin/front.png;35646;AFA59278FBF83ED422FC82B0A9B55C71E5F3AC88BBED9428F5A928D374713232
game/assets/creatures/104_Magmin/left.png;39475;7E38FEC22F64964EA8CD292A1CD1E741C4AC96B4454BB65856403EA45B688018
game/assets/creatures/104_Magmin/right.png;39664;8F609F7932FFB850494BD9BC4CBCA00DA7E2B42E5C1E42C1A853A653769666A9
game/assets/creatures/105_Magmor/back.png;48597;02352C7FA54C9757758FDF6DB5B990CACEC50C5AE8B15E497C192C4304C1E360
game/assets/creatures/105_Magmor/front.png;49180;E7B53D683BA8D726F918E5EC004DA14C5E1D45A1172E3C0EF3EDA4484ED56018
game/assets/creatures/105_Magmor/left.png;52243;4469C6BBE673630DED6DA65B1A860FA2712B2B3F44218E4D0D904BC0FF2736EB
game/assets/creatures/105_Magmor/right.png;52629;06D86BCD557600DBFA5B5280AFC13B267CF3053DDE9A74C998F0ABEF08B761B6
game/assets/creatures/106_Magmex/back.png;70846;02540E89C2B814C63C831DE5332CA2C91018AEDA4928FE080A0507AB9F72D630
game/assets/creatures/106_Magmex/front.png;72771;4AF51344FBB5DDC4B7383EA4375C8E4C0013468C918FEB19A23B241AC693E343
game/assets/creatures/106_Magmex/left.png;68889;B0DCBFC12A09986756993F65B450B973BBD305068694F13380E9F0765E37EC8F
game/assets/creatures/106_Magmex/right.png;69629;D7D381227D022F6E7381F8C25990707F3D0618DA4785E0908821F80A08853730
game/assets/creatures/107_Rivain/back.png;28242;B68622DE4DB7A57286354DF4C7263489093F1D8A6E168919245314292B81C5D8
game/assets/creatures/107_Rivain/front.png;30640;C4751B94D80B5B195566F47535EE15C95471203DF71F9621DECD355DA60EB218
game/assets/creatures/107_Rivain/left.png;36153;06DDBA62271A82E5CAD40CE70A861D7B91A856CBBE8D2183D3D7EC9B70880CFB
game/assets/creatures/107_Rivain/right.png;37038;1F0432BE3F1B22ABD9601B331C8D4545CACE3EC4F0139725E367C35D8A98575F
game/assets/creatures/108_Rivaor/back.png;42877;C7FFAF8601FD1A207FC5749D545D76F943B8DBD253BE899B2739A6914BDE2CB1
game/assets/creatures/108_Rivaor/front.png;45503;580041288A3E913C5AD8CB52CE5F7224574D4299D63703A26414B92253232F5C
game/assets/creatures/108_Rivaor/left.png;50606;D844A2B641D50B94FD5CDD4853BF603711B7EAD353996627A39A186E7D36C6F7
game/assets/creatures/108_Rivaor/right.png;49398;AA6110CFE763CA222377B253F02B56E98C6D76127B850C9D47C910C207D9E592
game/assets/creatures/109_Rivaex/back.png;53180;22F3098356DC08C03034EED5CDAACFE297CCE399655011084B6345D9F4642E72
game/assets/creatures/109_Rivaex/front.png;60523;2B772E165ACF9210C69C8D114BA8E107187F6B8A8BF3905B82CA4586AC808D68
game/assets/creatures/109_Rivaex/left.png;67367;B1AEBBF6C2FA3E6D7A2422D1E1F2BE2092B386CDE6B3C006C646C46B3FC4E74D
game/assets/creatures/109_Rivaex/right.png;65242;BACACC65CE345EB4F30375CF2F5FD9B92AD006E13ACD996054C1C16730385A21
game/assets/creatures/110_Oragin/back.png;36306;A8B6C562032C279DB0139BB14D52CD48CBFED55E526FAF67AE20CA7BC4FAC133
game/assets/creatures/110_Oragin/front.png;37221;335F8F8E5F396AB4B0A437C1A8EC8F9539B2E7B65753BCE5467D15531F024F86
game/assets/creatures/110_Oragin/left.png;40346;43448FF7DA45D108BBDE56F465E09ECF578891E850E2C4D8E91CADF050F6D11C
game/assets/creatures/110_Oragin/right.png;41035;C3D60FFB3433B9ADDD260202724EB5941D247D808DDCA091E42B7B7429DD617A
game/assets/creatures/111_Oragor/back.png;48596;3054C77B4D4154FE904995780C4A30E7E5A9CC15E4CC9CA387B31309CB1F1C3D
game/assets/creatures/111_Oragor/front.png;48384;36FCA88B97D646AA4C77AD453E7A37783D8F4C269907459B69FDE66842476AD8
game/assets/creatures/111_Oragor/left.png;52645;C9AE1190409FA8CB9833DD1EA26B32126E6C482833721EB7DBA890B88C6160A4
game/assets/creatures/111_Oragor/right.png;52559;F1F45C343ECBF5D091CF69CCC80FF87181691CC608537A9622F3755E2FC01679
game/assets/creatures/112_Oragex/back.png;74134;A7ECA04DA02256463418547AE403E48A55A456194FA79A81F8F97297CE0328B8
game/assets/creatures/112_Oragex/front.png;72137;D4C6A49BD0D1A1E8233AE061A7587543D349EFF9CBCB0B9C19BF83DC940BD0E8
game/assets/creatures/112_Oragex/left.png;68768;F33947DE1332F9537ED5F546D32A2757677DB38CDF1FA244496AD543F3970814
game/assets/creatures/112_Oragex/right.png;66205;C2997561AC616FDE7E1BC56ACB02F49FD2D182F6316ADC27461FA2A1892596E6
game/assets/creatures/113_Spectrin/back.png;36672;938E8F0042D9986E604EDE9BDF9374849753A05BB2739BD9968B2AE3879F40DB
game/assets/creatures/113_Spectrin/front.png;41763;0444FFD5F34D5C882EFFF796BE14F35BDD76AF3F82AD887A63ED33D052502DAA
game/assets/creatures/113_Spectrin/left.png;33365;052EAE5CD9AF9B25EDA08F3C9E11C94F69B54E4D4054D5B03660BED4505A37E9
game/assets/creatures/113_Spectrin/right.png;33248;A3F0A5D6D3AFB589958F21F87C962F9D6639231366E8873F6D34359F7726BB3C
game/assets/creatures/114_Spectror/back.png;49116;5086741105FA51A2DECDC32E85DB11F8BBF686BC98323EF9755FECEA379724E3
game/assets/creatures/114_Spectror/front.png;50857;8E2B03FB65AFA4C4180DB59A100EC76E9D966902AD3EFD72751982F82AE22A9A
game/assets/creatures/114_Spectror/left.png;45285;203825012D4C834C4AC50E1645EB1F74F95E85E19C2DA67D172182D591D0E839
game/assets/creatures/114_Spectror/right.png;45056;EAC3F8387952CCEC071AFA262A8B01B938A4C04960CED76784F102F1A23C86C6
game/assets/creatures/115_Spectrex/back.png;60035;916A58A5ACD334F3C1AF9C6BC30F0FE3EE1B852EA79B361F6C508E5E4F84F42A
game/assets/creatures/115_Spectrex/front.png;64510;BE60336933BE0FD0339F08F505D04A8DA6557C7D36165048EA94FD16D23AD91A
game/assets/creatures/115_Spectrex/left.png;62097;7B051A4676DE5EBE4085FD32CC19C94BADDD86203E832A79FC2666970CD4D609
game/assets/creatures/115_Spectrex/right.png;58370;08F08F0A9685082B7421602C49C88F5E2EA37F2C98DD5B421E9D14BA8269EE61
game/assets/creatures/116_Cristin/back.png;43516;43BCD14115D8FE73D51E377D64B896D42C537F0C41FAE7D9630A41A80F779A52
game/assets/creatures/116_Cristin/front.png;40434;9203B3FBEBAF1BCAADC5AAF6FD817096295EF289344BD86B28B26AFDC34704AE
game/assets/creatures/116_Cristin/left.png;52626;1D32522720031EC1227A30F159C88A61435FDB9D038994105A4E48DA56F7539F
game/assets/creatures/116_Cristin/right.png;53672;60EE61B01B543C114D37C545EE77F841C8763BFBE5AE16A60B3E06B3BB4487F0
game/assets/creatures/117_Cristor/back.png;58330;0FDBA4218730FABA549190350C161D0C225434568C9F6A4182270D735CF0CC90
game/assets/creatures/117_Cristor/front.png;55762;6FF6FA099F10BFD8D2F5D95102E4F34884C0B95D5F7930860A4C0A5319E115E7
game/assets/creatures/117_Cristor/left.png;70060;A7AEF3C2647478F534074F75E100A160E7B47366B1B35E52CAD9ABCF6E8483A1
game/assets/creatures/117_Cristor/right.png;71108;BC621528CFAEA4550DA14CD36A1442903AE42BFC7AAED128AD27C4CF61159130
game/assets/creatures/118_Cristex/back.png;75823;7F12E0D04785274FB6841329AAA2CED39288ABED01931723EACEA9C4D2C3BFF3
game/assets/creatures/118_Cristex/front.png;75994;82619BF24FDFE9963AEA88D7D339E2CDDE1FB2718A996D080D6F6ADF581354DE
game/assets/creatures/118_Cristex/left.png;83787;98A00023EA73F5BFD7BF43111676B2D8B804159D88AE5C46159D2F83C7632EFA
game/assets/creatures/118_Cristex/right.png;85075;CF4F33683C86916EE4B2D62E14616C1C93012A8EC52434A95C09D1D9EB7003BF
game/assets/creatures/119_Cirrin/back.png;35521;D4A618A95F28A13D04390C7FE39CCC3FC8C59CAE604C22B6C7C231D4562CB85F
game/assets/creatures/119_Cirrin/front.png;39808;EA361E0EA7853295580BB871458FCF9CC1890771FD43514FC89172CA8FCB54B9
game/assets/creatures/119_Cirrin/left.png;32749;9722C1A5D5BD68463EB36A1E3E71A07C5F5C62EA2286C43AD3FA94293B1EE433
game/assets/creatures/119_Cirrin/right.png;32974;408AFDF9D093BE0F98C9460A3D44B88F374697C15D1180D8876F789CCCBD4AEA
game/assets/creatures/120_Cirror/back.png;42909;441680042C7B619A75017D9A6C8E0D79043CDDEC1647C433D6A31AC91119E572
game/assets/creatures/120_Cirror/front.png;46764;18A2C090E841AEBD5AF080BA86C6F3859497B7CEFAC4B8603E1A18C61E02AC5C
game/assets/creatures/120_Cirror/left.png;43522;9A2092D5401D4032E568D3B45984A26FBBA2AEFB7BABA8262AB345F6F81D0093
game/assets/creatures/120_Cirror/right.png;43512;700AA10EF3C57FDBCED9BC7DBDE9F0B790CCD23AEFB35D014D58DCE82800F26D
game/assets/creatures/121_Cirrex/back.png;56025;B5D5CD7B8B07F48467ED4C9AABA7F3A061F56996275AA9711DCA28A9B7C0C267
game/assets/creatures/121_Cirrex/front.png;61801;D7B76B18B780EB01445C8B1406C7850155D48FC84F7E750C3C108B85F37B4044
game/assets/creatures/121_Cirrex/left.png;62608;08222BE054EAD9885CE5C52C31F38C11A8CDF66510574FE32CD1AFD485AA7A03
game/assets/creatures/121_Cirrex/right.png;62391;A48B707E25A2DD3B796A3779E224A40E0248B80D22D420F4EAD5D3F585F13167
game/assets/creatures/122_Truffin/back.png;43887;72D7FAC1380108F5F5FB7387EC50FCEE4E9E0BCE2986FA926B795DFEC1C7518A
game/assets/creatures/122_Truffin/front.png;42816;A36A6A5412CE37647A97B3A257AC6AB127939F93EF83F5E017DE2D92EA4F4ADB
game/assets/creatures/122_Truffin/left.png;42810;6BAF0FBA84F3E203816452DD02CAA8C7092EF75D8A5F0588A9C4A4ED84752F52
game/assets/creatures/122_Truffin/right.png;42707;0E3A755E798760BD146FE62E8793EA2BFEE06DCEF92C6410A80FF60B2B22E2CF
game/assets/creatures/123_Truffor/back.png;58194;4FF5AB53133A31E0E4950D1D45709725948D2F32244D49D5298248057A390194
game/assets/creatures/123_Truffor/front.png;57519;891AE5FED184BB09D1D0EACA4F4A257426BF7EF94C53B2C79EDDE77981FBFC6C
game/assets/creatures/123_Truffor/left.png;55422;C870A20B648A8C4C054AA06BC2189FCE411E08F5607D87888006E4F8B02B050C
game/assets/creatures/123_Truffor/right.png;55686;7A9618B702D04C7621344BEF51E7C7EAB0A416286FCC0FEF856E0339FF1BF87E
game/assets/creatures/124_Truffex/back.png;83165;2A87FF3A20E1D244250180C580F24799E42D4F4F361309AAF4F9FEB512A0A61C
game/assets/creatures/124_Truffex/front.png;84716;CD3764E8F58CB743755CC0CE841C71049F72A6488FEA5BC8F7500F841394CF87
game/assets/creatures/124_Truffex/left.png;75123;342AFCB8FC6D4D543C40E5D8563144C75672A85B78704AEB6065C83CFDE0EEC0
game/assets/creatures/124_Truffex/right.png;75744;32F4857C22BDAA1CB89F7A3214FC4121F8D5F5EF3D6F0053F20C94EB1F2B0E16
game/assets/creatures/125_Polarin/back.png;34900;C3AE5BB5D22D940598677E939223B98656ECC2ED1343B634A894D06F6CBF4D36
game/assets/creatures/125_Polarin/front.png;39516;213FC7ED5F79043EDFCC512A4D6C30AF8A43A806D76DA0CA9020898607092825
game/assets/creatures/125_Polarin/left.png;39469;4E31ECC70FB6A1FA892AF0F4F6F36D8CDC818B6B2BBFB61C533B38D23F74D7F0
game/assets/creatures/125_Polarin/right.png;39590;CB39DB1BF641749D4D1E3B7F5508BAA51304A2DAE0A700B3E628D894BFFBBC68
game/assets/creatures/126_Polaror/back.png;49647;E95FBAEED14378AB5CDD325E09C300B923D04E7B8551A8443F7220C04D6ACE44
game/assets/creatures/126_Polaror/front.png;49978;74EAB5089AD62B9CF5A76F36AA849699619B5E15088801E0E9670CB2EE530929
game/assets/creatures/126_Polaror/left.png;51608;1E1ED412CD6699EBA0A9DEDC9ED14FEE8782BEEAA8FA52663968A28966EB2940
game/assets/creatures/126_Polaror/right.png;51619;EF4339B931EDB6BE963FA2551A03F2036B13DF5554DDDD3DDDCA838A82B57E3F
game/assets/creatures/127_Polarex/back.png;63081;DFEC02863DDBF95BF75F09733D47AF2C595935411838D16456AB6CDF3AE0CA98
game/assets/creatures/127_Polarex/front.png;62631;15DE5474BD69405E9B88DDE35FCBC927CBA15AC58EBE8FC58FB5B39EB6526039
game/assets/creatures/127_Polarex/left.png;68186;6F70E499A254F19CE1C08E6598716E7174F0DE963F27437F3FEF7386794F92EA
game/assets/creatures/127_Polarex/right.png;68972;9867AA3194C5A89B1431D0E0D49A7FD1FEA54A71CE5E86DA6058525D0782D9A7
game/assets/creatures/128_Auroin/back.png;37026;4E46B912B392D9C3741FE00617BBFDA62C9C64D77B0D2728CB5267E3F5E407C2
game/assets/creatures/128_Auroin/front.png;41072;D158EDF92150055BE8259EDCB669165344EE4680D7A8991620AA760DF38A41B6
game/assets/creatures/128_Auroin/left.png;35940;343AF0D35CE19E37E52601E3D0CBF376A865C0C057C20314767145F6FFA9C270
game/assets/creatures/128_Auroin/right.png;36363;4B05792F2748E677FC53661A23A92C94C36650585FAF5B4581CFB4042BA759B2
game/assets/creatures/129_Auroor/back.png;42427;FA53D46298B1C53E0FF9B4B585AFA4FB617C49FE57B513CAF743A1F268C34407
game/assets/creatures/129_Auroor/front.png;43341;E79C87EA00106406BCA1555F9389695FA33A81E0C30CC41AFEF5358866FDB5A9
game/assets/creatures/129_Auroor/left.png;45118;CB78D79F468E2B8EFBCD857150B213AC25222DBA9AA58F26E725A64968397DFF
game/assets/creatures/129_Auroor/right.png;45245;EBCEF83A74BD699CDB330C07FC69D4EA852B1EE1E4DC4420826DBD045AD95CCD
game/assets/creatures/130_Auroex/back.png;74378;94F635ED3D23BD7FB51910CFF0CDD05FB7A02C1CF8AF64F1148A2AFC187EEA31
game/assets/creatures/130_Auroex/front.png;70795;64880A86A0F04602CB29F9C82F6C99306A9E28B8202F31140A48E9C829F7E216
game/assets/creatures/130_Auroex/left.png;59942;3BA9259C438DA2DABF845AD10C14C0CD7F35D429C42FDEEC3422167A10123644
game/assets/creatures/130_Auroex/right.png;58896;45AEDEFC01CF88A2F0B8BFCA58E3839F7984B60EE4B65648DD64EC0049786D52
game/assets/creatures/131_Felyin/back.png;36473;32E6E283A1A1FAFD021E74D35F83E866FF49EB5EAF2CABEA392E41BCF9CA9C8F
game/assets/creatures/131_Felyin/front.png;41550;ADF16CA2C6A6B97D1801F3904CA53B7E05485B5F6F5D4A52CCBED6A6ADA056F1
game/assets/creatures/131_Felyin/left.png;42419;7DCB2B4A3BB6924735C29E2CA50305CEB0F28A6EFAFCDB8FD3C0125EF2448269
game/assets/creatures/131_Felyin/right.png;42785;A59A81CC9AB1A7D17DE9FCCBB1E5F1E521EA7DD53CC9CFF748A5F115E3C9399B
game/assets/creatures/132_Felyor/back.png;38572;483F538AD4E67F98DBD548980B8189404F579A1E228D0EED9356C61AAA3A4035
game/assets/creatures/132_Felyor/front.png;45449;D7E416AC45C71868C065ACD3072B78FE253A500E58A116B80D71DE7F05E767D6
game/assets/creatures/132_Felyor/left.png;52800;82BA01B95A29FDF7B2C7157897A16304F8FDCCCC582E3272AC57F82449D4E7F2
game/assets/creatures/132_Felyor/right.png;52895;9F2482458B2F3C44BC5B6186531B187153A010E10F2C60F55DE850AE586F4581
game/assets/creatures/133_Felyex/back.png;55171;BFF4BF8959E8C15A0530BAA5C22FEFF95BA7CD41647FE2D6667E3220D2B96E35
game/assets/creatures/133_Felyex/front.png;60827;E17A1C345B3349AB12355172D103C67280404764B4123131E978F798CF8895E0
game/assets/creatures/133_Felyex/left.png;76722;68779F1F171ABB61756EE781BC451CD98067DEE5BFD7BA5B9B8343598B5E2430
game/assets/creatures/133_Felyex/right.png;74296;67F4AC3D14E6542979BDEA839534381DCD2B2E7693C7518E51551AC3622B59E0
game/assets/creatures/134_Abyssin/back.png;34643;E37C96E12DF537716DF52D3C62988ADAAF8A022FA733283CBBDF0D74F788C1B2
game/assets/creatures/134_Abyssin/front.png;36745;C458618FE6C2F0D99AB1C415ADC30830F1F17B4E2B9A333A402F8C09EC766E4F
game/assets/creatures/134_Abyssin/left.png;38294;384E43F047A3DB46DDEBE9DC5E1DEB14BE6B1A52A103F828EC6D63FF9E464EA9
game/assets/creatures/134_Abyssin/right.png;38247;F9C7B37316AA47DA2DEB96F4D2DD84EA662E70CF4C4C3C478162FF3559C1606F
game/assets/creatures/135_Abyssor/back.png;42769;C8330B0AA02F60A097CB22F739B1F821B938D38DF2361A9E7FD087E083E72C5E
game/assets/creatures/135_Abyssor/front.png;47285;834F1B3C9511435EC7426F902977A098211811F3AF292A9FE2E6437F1329721E
game/assets/creatures/135_Abyssor/left.png;48618;88E047C3497F2F00CE80BD740E5E8263CE89AF17D8B6FC5F8F5590B7E5A4238E
game/assets/creatures/135_Abyssor/right.png;48649;72BBB6C8DD5DB1CE8A5D3333D4DEDFCB8FC9F279095A215F6F18CE2FFC947F37
game/assets/creatures/136_Abyssex/back.png;55871;6F8728BF822A33084A16C73640E733AC81077F3B4D6018E143A42B25D58BB83C
game/assets/creatures/136_Abyssex/front.png;62618;E06263F4B7C30ADC4B49D11C1A7E392011DA2AD1328788A0C7F43DBEDD71A417
game/assets/creatures/136_Abyssex/left.png;65295;4A86A5B0593988936AD4E03CC72B4ED6108FD3CD482ECDBA9D2849A7CA314D72
game/assets/creatures/136_Abyssex/right.png;64967;1EFD107B84C2E75D0F51EE26FCF0BFDC214108DFF44024F84DC5969F09357924
game/assets/creatures/137_Lavain/back.png;34319;4373929F11AA0E89372FB007FEFC6A7D9D79FEA7004891971EB8C9E246B1BC29
game/assets/creatures/137_Lavain/front.png;33831;9EF7CAC6DEBE5092CF70EAEC2FABFEF07B02D924D2689D2873FF8F6073949601
game/assets/creatures/137_Lavain/left.png;45887;122E5434ECB5D40B4D81CCFD42D640027638ADF2D7EDA5C8286A5EB120EB43E0
game/assets/creatures/137_Lavain/right.png;46196;5BC54F08F0D7080F84A638B1CD167C783BE026170B70F458B5F1240D4C9F2C1A
game/assets/creatures/138_Lavaor/back.png;50606;36FCF56E9397EDCB79BE67C23D41CBFC5D2375F8BC3BD5D6A434E3FE729094CF
game/assets/creatures/138_Lavaor/front.png;46842;5A14FFE686948C0C41315D0AC96ED9D6CD3EB5AC67D7BEF9F2C12D9158BFAF2E
game/assets/creatures/138_Lavaor/left.png;60397;669B3BFE339234264B4D661312C46234A4971FD36F654DB424CA61487DA3B172
game/assets/creatures/138_Lavaor/right.png;60791;5063138652A2D9FB5EE8AAFE2418DF28E9B1EA781A056CED6425D4E49E74F4EF
game/assets/creatures/139_Lavaex/back.png;54866;F6CF67745CFEFCF43163687D31803163535E17C495A163AA67DA7A3D984167FF
game/assets/creatures/139_Lavaex/front.png;60065;15FB1648D1809DEE98060D23FD5905E581C2CC1106846CA7F22684AAB65439EA
game/assets/creatures/139_Lavaex/left.png;68112;F1EA11D0DD8DB8F8D3FF2A2F4C21E204FE12CC1991741A7E20435F9D7B24D4F7
game/assets/creatures/139_Lavaex/right.png;68075;F31520338D1E4D5CCBA4027F29B1F2DF8B0645091590DC5B7430509901573878
game/assets/creatures/140_Canopin/back.png;39871;16FCE59EE36E7B8987352E530D60622CDC7F154EC18044A53338C78E9886D614
game/assets/creatures/140_Canopin/front.png;40008;92EEEA3980801AF995BBF059AC3E96C9EA041C5667BF2AB170DF136D8EBC534A
game/assets/creatures/140_Canopin/left.png;34551;639FFACF14DA46F5B0B9EDBE8EEE6C689F3CB27BC03E6E65EA9C369671533207
game/assets/creatures/140_Canopin/right.png;34569;0C0CFE96ADF8E9BA345F4FE2C01CBDDB762178BEC335A2EA95C90EF4236BBE52
game/assets/creatures/141_Canopor/back.png;50368;797A58730E4AAFFF0A091CA33DA69DC8356C954FCB0338D974ADB7B6CEC3E28D
game/assets/creatures/141_Canopor/front.png;51590;A28D91CE84FEF28D4D0FBD12068BC7BAAC7173291FBF86C7EC15A5649D25937D
game/assets/creatures/141_Canopor/left.png;41199;1963B476F62C4ECAF55F65EE5AD716A0E5C9B0561E27B852448E6EBD0ADF197E
game/assets/creatures/141_Canopor/right.png;41496;54E4DB4EEE2B7BEF68094ACD7116B03DF38357789BCE05A999ED82F89EC4B5A1
game/assets/creatures/142_Canopex/back.png;73713;9AD464FB04F6D95507FF481E5AB413049CD63A0497A3A875E6A1709C3E27B3EB
game/assets/creatures/142_Canopex/front.png;76964;94205081B4C6EE796C19C443CFDE8AB23F06CDAEB7B3AC1EA6DEA5FFDF1E1E27
game/assets/creatures/142_Canopex/left.png;57428;058A45B96021012E16BEB5801CB46CC7506AE15FC3AA8AAC3C19256266E53DBC
game/assets/creatures/142_Canopex/right.png;58035;2AFB09FF3368D9152B1B5A1CBB2264EF33532FC3E5AD745994C5F9E2E023AA3F
game/assets/creatures/143_Tempestin/back.png;29775;0FD5469D69AD557B6327E29E819EA2A7A040569231D7076461B29F8043C5F5A7
game/assets/creatures/143_Tempestin/front.png;36595;1B2D9ADD95A4FA683A1CC366AE11DF213670B3D74BFD834E2ACC674153366D30
game/assets/creatures/143_Tempestin/left.png;47217;0CEAD5C99C9425E2336E58BC9F9A03D561003F5942738666CCFE6103F695BBFD
game/assets/creatures/143_Tempestin/right.png;46461;FBC0AB2C20BA42DFDF787BE817ABAB4579EC97169DE876B49DAC75A68EA79187
game/assets/creatures/144_Tempestor/back.png;31788;2A1E29C4237DD37802A2BCFEAA3EC235452B212D2670EF321262BC7C6E22D015
game/assets/creatures/144_Tempestor/front.png;37416;91936AE3A0BBB631C0796E933A6A35DB584ECDD693779865450AD81B01A40E8E
game/assets/creatures/144_Tempestor/left.png;57010;E7F5535B9CCD4BFBF469D06C47C526ADD7EC0765D90691B3117D2DCC8248BEF0
game/assets/creatures/144_Tempestor/right.png;55231;20762D11306F3983DD172A593D996FDF99FE276A1412E65129CBB6AB7EDDD0B8
game/assets/creatures/145_Tempestex/back.png;50062;AEAC209029E3416155F41ED4FF49C7D22B581913EBD4B6D93DBCA6209E9BFC08
game/assets/creatures/145_Tempestex/front.png;51630;EA3D61D21B462CA6B3CB878C65DF7291B0DB8A3C29FB4846A660F80F8E07EE93
game/assets/creatures/145_Tempestex/left.png;74764;E90B091BC17CE630BEA1503DB005A49B96986DD1493284C49308444BC91CD663
game/assets/creatures/145_Tempestex/right.png;76638;4A17F75BEEA6FB7B9FC96152A0837A1CD12E4BFFE18AD8DCC203F15A6E58D30A
game/assets/creatures/146_Revin/back.png;29794;1525E14A8F7C5E7B03F4C086B2953F89DD055C9323A934ACED8A33B0E058F7C9
game/assets/creatures/146_Revin/front.png;34272;DF88948E7B830BF5B8AE25E0D97D1B4DE8875443D7B2745C272D56828E88AF6B
game/assets/creatures/146_Revin/left.png;37399;DFBACD423510726E47AE27807285054AB702391FF030C8FE6E84926685C20CB7
game/assets/creatures/146_Revin/right.png;36336;6BAC6CA272474372D9C83CCA9E0BE75DD3D521A097A993F4166A790FBCE880EE
game/assets/creatures/147_Revor/back.png;39756;BCB572147A809102BA095E39E31DB3ABEDC8AE30584D1C94EAD10D1FDF1AF7B9
game/assets/creatures/147_Revor/front.png;40851;3E2B332D9CC46660C377283559952F17FD406A40AA8957E82B6F90F230765391
game/assets/creatures/147_Revor/left.png;51239;230BA6DB0559C5F363470307ACB5B1DEADABD662978347E3C3FAA68823B46765
game/assets/creatures/147_Revor/right.png;51503;01E98E2D6A3AC4244E0CF5C888C64FD55D0C5E7174D85BF8E9FDC11F8E9D71C5
game/assets/creatures/148_Revex/back.png;57781;452BCB9635A59D15BEB9BE96A30F023DB10161288B196FF474130F7A0CC5B05D
game/assets/creatures/148_Revex/front.png;58626;F1070C4AD7773A050DF4800BA46F3A19D3C1144F99D3575BA8C5C902CEB243BB
game/assets/creatures/148_Revex/left.png;69948;A0C599C9A8782B3BE814B17F5DCA97CE7A761957BD4E523D29BA69566114A4CB
game/assets/creatures/148_Revex/right.png;70567;99A0FA94BB4E6CB3088A820D2B9C3E0FBB73D3E10AD6A71F2D0228051529FBC8
game/assets/creatures/149_Astryn/back.png;34982;07D66D1C8612CDEBED17DC47578F5DF87B9277A4AAFBAFB19A8BDC1480ACDAB7
game/assets/creatures/149_Astryn/front.png;34505;F0C34FF2A34F94D122C72BCDA6D8B88C10D802181F94131106AFD237397C54C4
game/assets/creatures/149_Astryn/left.png;38729;675348D2BB2EE6F85A77746B45E303DB096EC2CB9425ED28326E5A7B17968332
game/assets/creatures/149_Astryn/right.png;39009;639E85F52C5B62C8E325986056DD2782B8C72E6081B78953AC25600528AA4124
game/assets/creatures/150_Astryss/back.png;55644;F11B3E007185470A6A066A84208A10C95F0600E07EEEDC2D6A5FB4364B690D38
game/assets/creatures/150_Astryss/front.png;57455;191DCE7A6D36DC5BF7509D74E406D159B197F612B1E5AFBF341B97DAD241D670
game/assets/creatures/150_Astryss/left.png;57549;BF4665DD4E917FC29D5C0DF56EC482C202B6B21C6852F78BD121D63531BC2755
game/assets/creatures/150_Astryss/right.png;58296;8450DFB973B0CE2DF33E192DFB574529193069C18395D288DF6050AB760EA2EF
game/assets/creatures/151_Sylvarion/back.png;76666;25CAE8E30F0B3B522DAC5076E228BD0EFC2D815F77F37393FCAD0AC339AAC53B
game/assets/creatures/151_Sylvarion/front.png;86914;0F4F2114E20E82B238187BF90D07BC1790B14B6244E18F654C984AFCED240C6B
game/assets/creatures/151_Sylvarion/left.png;82971;4A27233ABE4DED4B41C7112E629B885386101EF704CFAEEFB4B81BE20F2EDF32
game/assets/creatures/151_Sylvarion/right.png;85156;68A949A41DE0838359508FA84A60F0D986F7D3CEFD27DF9FB5A4294A1F5EA14C
game/assets/creatures/152_Ignivar/back.png;63686;53EAD97C0227A46F402D45EE8D3FB1C52271F4E3A4A13628D50E7CA92B50C71D
game/assets/creatures/152_Ignivar/front.png;83446;55A617F530569D25B8DE3B3167E055B51A575EFC8E79C5C0A18FF66C147F7DE0
game/assets/creatures/152_Ignivar/left.png;77255;3A4F47F428A98CCD73430BE96AF75CD8110357BBD6AE2D1D6225B2ED76123856
game/assets/creatures/152_Ignivar/right.png;82202;9D8F2A873855B9B708CC624E8815AB38F9E51854675A02A1473A2F09C7DE29A5
game/assets/creatures/153_Thalassys/back.png;89244;4659AAE6C7585FE2B0F4F50D01CD714FFE5F1C0033C6AEF5C6653EDAE7E37A76
game/assets/creatures/153_Thalassys/front.png;95359;C9DDCE22F604F5B3AAE30FD06A99BC796164C90ADC8FBEAEE106B84EAD38D0E7
game/assets/creatures/153_Thalassys/left.png;91619;C1F9E5A11B394A450E1F1486BEB3532294A6C281D06D7B7F062A6CDD25BD3AE4
game/assets/creatures/153_Thalassys/right.png;94390;8D987F8F6D5EC06C1C29653544FD3550F7E898CE54077BC4FDE5ED68AB77FA98
game/assets/creatures/154_Fulgurion/back.png;92306;89DE9A1D1A7C4F6B6CB41393481352FE48A5E1D36DD8D881E1AD9C12F8C98618
game/assets/creatures/154_Fulgurion/front.png;97590;F20866ABF27ECC4667E2EA0FCB8F6ADEDB4BA2B899EC0396E13DB1D98240E18E
game/assets/creatures/154_Fulgurion/left.png;93708;57146EDF36077C514F01A243D71C971235C0803CD4B2D9135521E33C195307E3
game/assets/creatures/154_Fulgurion/right.png;95438;D777567E1594978627D83358E2DEA57B11EEAB156E7C731D0D8D6C209C31C18F
game/assets/creatures/155_Noctyrex/back.png;85142;9D42ABA7717C38D559C29FE3E7BCF207586D359E5B83F4974B4AD947FD534D15
game/assets/creatures/155_Noctyrex/front.png;88579;9768E02FBCB50EE6E31AC5A52E021DED2B01DE96C40B2123AB096FA962098E72
game/assets/creatures/155_Noctyrex/left.png;91258;701784FF430B668D8E3B45950421B6C2B221DE4EF52263D2A0D71AF87A304807
game/assets/creatures/155_Noctyrex/right.png;93401;0BD11E5E2867609DE2792ED96D5D4594855525D7B22F170A54DC3CBF3415C042
game/assets/creatures/156_Monolithys/back.png;77019;4CD97089AF084EA0FE865E7DE68E0BB7369654AF0B853A5FADA59564D10B0B25
game/assets/creatures/156_Monolithys/front.png;85840;371858ACC607AEC754B5ED154FCC6225E50B1C19DDC0F8796F1205B8CC9E9116
game/assets/creatures/156_Monolithys/left.png;83349;78CE18010AA3179076B7F3C55BFE3C529A63AF5B3935BFEDD234D98BF7DA58BD
game/assets/creatures/156_Monolithys/right.png;86024;03CDFE5E0CAE6451EB444F3C9BC4CBB29EEAAA4CBDA2EF2AD6D440C615FB30EB
game/assets/creatures/157_Aeralyon/back.png;110029;87CC2B869A6688F9DCB335D3DA10961E2D6775974518A72D337C6216717301C0
game/assets/creatures/157_Aeralyon/front.png;116603;B2D4654E9542905061F76416B417C06D0E76BEBC7956A90511D808662A240D55
game/assets/creatures/157_Aeralyon/left.png;120203;9D3439AFEF662AAD12EF4560A8C9A78B7744718E4A5C8949C69C5C888DC7516B
game/assets/creatures/157_Aeralyon/right.png;121118;39C27F19145FCC2963827BC6D31A91E601E7C947415DD9E1803A0B92EE8A732F
game/assets/creatures/158_Mycelord/back.png;110165;030C5B1077F41A0AD5239BD4E7E21D40746F18F502E3FE622EB66446BA3806A0
game/assets/creatures/158_Mycelord/front.png;124844;672C75B734EA37DA75E170B22EEBBDD1893331FB9F385EF7FCFC5B0686925DF8
game/assets/creatures/158_Mycelord/left.png;114561;525C2302B66E9EC00D786E8AC19022DF7DD6208B3DAA26D595660F920710BEA6
game/assets/creatures/158_Mycelord/right.png;119008;66B24C3ACB1458CA89BCD96D49380227039167B6859062F633C8ACC7DA443F02
game/assets/creatures/159_Crysalune/back.png;97759;B94566C3D3AD0BAA312A02692F351AD8A9BACBA829F5A0D40ED3065085AFC7C3
game/assets/creatures/159_Crysalune/front.png;113448;80277DDC70BC4BC3378F2E222156CA00AECC87E3D1005CAA054943328C424BCD
game/assets/creatures/159_Crysalune/left.png;109654;98505DD8CA4BEE12A9481FF30C90484F7425D19BBCD18DFE3A26936A1D43CED3
game/assets/creatures/159_Crysalune/right.png;112233;396BF1C67754B0C0B751ECC01A2397D2D02F2BADAA1F4A7E17DCC2280D38B703
game/assets/creatures/160_Solaryx/back.png;111005;B1CC802AC5AB26D948A4D2DECCBA93F1302FD8362B9F00A62AE06767E422D019
game/assets/creatures/160_Solaryx/front.png;116575;CAC8E8CFB34CF318BD6DC815A96D775DB955AA35B9F5648B7C17BD0352896433
game/assets/creatures/160_Solaryx/left.png;116385;4E473567C2F87C64C2017F8A28E2797A81B58754BDBA0D76692D2DBD23427D04
game/assets/creatures/160_Solaryx/right.png;114695;CB9D18212E09C469E4239D67590082E9978BCD4CCB71FD961D0D5AED82B1C0A8
game/assets/creatures/161_Equinoxe/back.png;103984;4BE06B70519E0E9209849D5A02868F2C8AF3010713DAC7DE693297E0107BFA9B
game/assets/creatures/161_Equinoxe/front.png;115577;C6939EA3804EF9D336C738728A99F7700F2EA9F24360237C1EB20E65CB2FA53E
game/assets/creatures/161_Equinoxe/left.png;111839;4CE02014B678AD6E5D01C4FAE9233F6526AF2A3F78BA9B4B503FAF7C72B49778
game/assets/creatures/161_Equinoxe/right.png;115025;4380BBDE883A8F7B96A275BBF731CCBAAA485FDBADB4AC88037550172C76D2C1
game/assets/creatures/162_Schneck/back.png;56277;1C2B021AA6014E6350A84E9AB52DBF52F94EE91F008B69BA9A3AF64987B1E507
game/assets/creatures/162_Schneck/front.png;58567;AEEF1485C63FB88E8A1B277C23EBF738EB054D5D822EFC14AD44CB05EF65E699
game/assets/creatures/162_Schneck/left.png;59120;36E5C26058AECFF96612EF1A748F07A847BE95F9B1B94CB34ECC5B9B50BACC3A
game/assets/creatures/162_Schneck/right.png;56267;7751D404A36AE60F1684A7391006A1C82F0A1683DD425949E5713A1D60F5096D
game/assets/creatures/163_Drago/back.png;61234;D28C453E0550BB1E79516A0DE93805354BB298178B23DE67B5675D5755B71D60
game/assets/creatures/163_Drago/front.png;66985;F9B986FB68234F26D00394C1E3B05C3E7B62FCBD256E056D6DEA9B43AE3CEBA3
game/assets/creatures/163_Drago/left.png;66958;0B04431043D4A56933508E84FD869247B407989E52AE6619F2060F6BD395FF90
game/assets/creatures/163_Drago/right.png;61351;86F7D14533A408CE77DA8C7147BDD23F55C7E0D1074B32E8194E1376CB7B55A0
game/assets/creatures/164_Quetzal/back.png;55810;E9FD157A72B761D1091552DCC21ABD5137ACDCF5A1CCD969A5B0E42E991CC1C9
game/assets/creatures/164_Quetzal/front.png;58456;7F2F73123B78DEEAF8F52BCDBB797672A9FA7FD692AB778735D4103EE518B827
game/assets/creatures/164_Quetzal/left.png;68125;7267DBACBE30E71C0814E1342579613DB53BFF089CDFE4C906DA0CB4075DCEE3
game/assets/creatures/164_Quetzal/right.png;63955;00D0539784C9C25307430DEAEED511DF080576C5C24B07E806F6CA285143E83C
game/assets/creatures/165_Phenie/back.png;65048;7CB7C51042E921B2C371843C6C07F75D12DB9D827FDB94A8736524D75852C339
game/assets/creatures/165_Phenie/front.png;66813;3FE9B73D50824ADABA02DAE54EED23A3F8D47DEF0AB11BB8EEC1C145645AADBA
game/assets/creatures/165_Phenie/left.png;69357;931E60FD9A92EA2BFF6701A4B57E5F552C74942D1B00301B21CB6C2CCF52239E
game/assets/creatures/165_Phenie/right.png;68366;9211BA53D280BCDB5A8E5A5E765A3EAED619249FCBDDCAA65C8C93E08D9E23C3
game/assets/creatures/166_Kroka/back.png;69197;3C8F70C70B1C9E777E04B8296624163D817AFE36E4CD56D8ACB478264446262C
game/assets/creatures/166_Kroka/front.png;72819;EF9A88A823EA88D3C7EEB2BB9CF8C10AFE10476395761CC3896596C99B5DAA0B
game/assets/creatures/166_Kroka/left.png;69240;9343CDF970619422CE2F7FB1724324308B2D3B4C6E978B38A45BBDBDDCB838B3
game/assets/creatures/166_Kroka/right.png;72119;B7554A43A94D2DFEE41744DB5628F76F2959E2D16CDD1D6473AFDD03CA70BAA9
game/assets/creatures/167_Wang/back.png;63864;4B7BF31EB6B466606DA8A9A4497CD79EA4759489E60B2F44878B9384E43628F4
game/assets/creatures/167_Wang/front.png;64134;1010CD81467DB60914F8358B9303D596558EEAE3DFF4CF960124B83264B43FD6
game/assets/creatures/167_Wang/left.png;71997;33B038324058450917D427223433F8D816E5930E8A8D2EDD44C7D1FDDADE156D
game/assets/creatures/167_Wang/right.png;68167;E03E0CE75C7A203581481E6AA317F86C4391D44967528D00CD71D871C5264293
game/assets/creatures/168_Hack/back.png;82963;90C4D28B73DB06988028685657809EA97F9EBA188F7AC608ED626D115AAAD51C
game/assets/creatures/168_Hack/front.png;83873;D6F413E6167C8FE98FBA785A7AA449FC76B347F948AA3E8EBC0F7AFC4A91DB46
game/assets/creatures/168_Hack/left.png;62560;60ACCDE25312121CCA6CC37BE79730E31927DEA1C175F23C9B15A0B90646CDE9
game/assets/creatures/168_Hack/right.png;63050;37E73BD045E803C5E3887892B41B23F4493751BE0170BF3EBD76795ACC1D7A3E
game/assets/creatures/169_Buddl/back.png;83770;CBBDA8EE4CFAE9D422F3FE5476A912D6E912140B1A7E5A86FDEA31E8D10CE005
game/assets/creatures/169_Buddl/front.png;85820;F4F019873EC6C66379D133CEF8B744679D2D972BA0C39D8441B68E25D0DB461E
game/assets/creatures/169_Buddl/left.png;65917;8D5970A1C14D11BAE7B5970D45B6495B5BC3D9105CB919911F25F906D884068E
game/assets/creatures/169_Buddl/right.png;64565;2693FBBB95DC9A62CC2F0CE15D9400C8CA84BFF9E719830CC3B741E8F9AFE6AB
game/assets/creatures/LEGENDARY_SPRITES_V107C.json;2585;7FB7673A2F997FF20EB87CB10A924BE2CA687EF94D5710FBBE4B4ACA1D23DB89
game/assets/mobilier/bibliotheque_publique/comptoir_bibliotheque/back.png;136140;EFB08988804CC6185AF066E368C82846679543294171464E208AE4C6EDA16FD9
game/assets/mobilier/bibliotheque_publique/comptoir_bibliotheque/front.png;165526;08E0AD1D2E1D4354A5E1F394553351A4E4D6E33091BB8E028C0340C9D4A69E09
game/assets/mobilier/bibliotheque_publique/comptoir_bibliotheque/left.png;177408;EECEA2995E50F931A16EDACDCCBBC3A09994D5B5ABF590FB59CB56A55DD9EE0A
game/assets/mobilier/bibliotheque_publique/presentoir_archives/back.png;172780;2A14B19297A0E35E3F80BB7261F74AB1B1CA19A981AA6AF4209664B6B1316B34
game/assets/mobilier/bibliotheque_publique/presentoir_archives/front.png;198205;4BCD09B8C70D5126C23A05CC498F398FB6053A207CCA3D939E6A3B01A3D4EFF7
game/assets/mobilier/bibliotheque_publique/presentoir_archives/left.png;155361;3A8C74F321F9AFEF956B444DC2C1648C621B08BD845B35B26FB57CDBDE4054AF
game/assets/mobilier/bibliotheque_publique/rayonnage_livres/back.png;206579;8F4371CF50CD768C933958D6933FB30B9FDFAB95F92358A99D473396BA6DFE65
game/assets/mobilier/bibliotheque_publique/rayonnage_livres/front.png;218068;553AFBE8D300A2DDABAD802ED26BE51744C7F414B99C5DE25DD7F9BEAEA503EC
game/assets/mobilier/bibliotheque_publique/rayonnage_livres/left.png;104255;84E83359C3A9E28B74EEAF4D80D0295E569B474FE80F0E74AB167BCA22A7924D
game/assets/mobilier/bibliotheque_publique/table_lecture/back.png;128028;EF9AF2F89E3ACD73BBE68102A72BEA2C5C222EDA44315274823ECAB2273F2B30
game/assets/mobilier/bibliotheque_publique/table_lecture/front.png;129127;EF9968C518835F372C902999780CACD0A2BB769F08D53B39B6DDA4F8C8419D3C
game/assets/mobilier/bibliotheque_publique/table_lecture/left.png;183776;154DDAA56BA9129F92726E6F042ED19BB0DCDB97B27B8076250067415A71108B
game/assets/mobilier/boutique/caisse_enregistreuse/back.png;186216;A8B6D0E01683E9CEBE96B816D29F13CC1131BC62019BBAF8FA3BAC3528EC48CA
game/assets/mobilier/boutique/caisse_enregistreuse/front.png;224804;00229B7F9048AAED56DCA40887E62C5EE053561B8C8677741ED6A29AA8640FFA
game/assets/mobilier/boutique/caisse_enregistreuse/left.png;152234;852AD1281F534E48FFFDAA17A166778316DDD81926BDF2D1CF13081A5D7488E8
game/assets/mobilier/boutique/cartons_decor/back.png;181801;F0041EE27FED527C39FC2139FF08625A532DFCF15E76DA917DFD8F4CA5582970
game/assets/mobilier/boutique/cartons_decor/front.png;198288;BBD81B8273672795F525D8354C80F89C6E6F41FECD04ECE361E0EC2AA8B1A518
game/assets/mobilier/boutique/cartons_decor/left.png;159687;9BCC3A42A450EBE0B7B93372D3ED0EB50D98D8EA5A6C2F6F829DA53C91BE028C
game/assets/mobilier/boutique/comptoir_vente/back.png;149281;5A71D5BA69068F2CDA0846BEFF6EF1DBCB93E1F2D261A050529BA8C0E7AEABCF
game/assets/mobilier/boutique/comptoir_vente/front.png;182322;200D835D63A257E18694AA294F83E02E0DC842A90D5B940119E70B5C196634EE
game/assets/mobilier/boutique/comptoir_vente/left.png;143745;C831B5B85E798567DED3B3133DB8EFBDE95744C2C752A42736FBFEAFA5F37326
game/assets/mobilier/boutique/etagere_produits/back.png;227502;6054FEF5F5EA82C9B555526042200360BDC8148F7AA6A8DA56D328BCC7CA4587
game/assets/mobilier/boutique/etagere_produits/front.png;290503;7250C98EE747C5CCEEF6F32CF9E707A8F76C8036D2EB36FABC5A17F80D4AFDBF
game/assets/mobilier/boutique/etagere_produits/left.png;113998;BF6505821F2F18CC94C16438DD2F4E76F9E6DD855CD989BB669C9725CCA42A65
game/assets/mobilier/bureau_guilde/bureau_direction/back.png;183191;773E19B6798305E96B5F9560B5D96DE6CC74375704563496379C86E5D4B7FEFE
game/assets/mobilier/bureau_guilde/bureau_direction/front.png;184960;A22BE0EB04C4AE97BDD243F27D2901D9B523DDC4C9BD7D054433F511D799B9A5
game/assets/mobilier/bureau_guilde/bureau_direction/left.png;230530;BBF7ED9A5F15B705C5655053D590C2509CE411F82BE7363B8A91F9582CF0657E
game/assets/mobilier/bureau_guilde/classeur_archives/back.png;166897;FF053C2A32F698928E979B6ABFACE371BC1096B632ABDA6F3A4BF70A03F49E91
game/assets/mobilier/bureau_guilde/classeur_archives/front.png;215078;15D55EADF5F3BF2293313122D948504BC1CEDB00DD7F09A147D85CD1068E8272
game/assets/mobilier/bureau_guilde/classeur_archives/left.png;116528;68DE1C1C7405B3B04F79BAA4E68C4608AF8B7F5AA40A31524418AB316AD40F83
game/assets/mobilier/bureau_guilde/fauteuil_bureau/back.png;158939;024C6D161B706D3E81D9C61573D47C1DD09D0E9C759BA264129C5A37230DB2D5
game/assets/mobilier/bureau_guilde/fauteuil_bureau/front.png;175722;E375D938262B8F3B03CE308C4FBE00BF1F9A313634CDB0219E80AC0B0D4DA0B1
game/assets/mobilier/bureau_guilde/fauteuil_bureau/left.png;128869;D251728BA95AA85EB61F5568ACD922EE5AFAE236F75687F0CE606AA721A0A062
game/assets/mobilier/bureau_guilde/table_reunion/back.png;151297;C4E73E3759FF2986E9F0A71CF8A1CB4050D8D62B9124EC83DC4AF4E47AB06F27
game/assets/mobilier/bureau_guilde/table_reunion/front.png;162221;87D9A34DAED278B15A8D8258BFF27515E25A5F9062A23FDF44477E9A3486BE9F
game/assets/mobilier/bureau_guilde/table_reunion/left.png;199722;38F51ACC6157C5382E2F11FE4F09A9CBDD93A186C6B48534E5618306978683BD
game/assets/mobilier/bureau_guilde/tableau_missions/back.png;158660;DC163E8A611A7088DF5443B6CE57986CE15465109389E888564CBE9D4B32752E
game/assets/mobilier/bureau_guilde/tableau_missions/front.png;195964;6C669EDFF27102063B6068EE3D164801BDF62E3BBD43B3AF32F494487DAF7BD3
game/assets/mobilier/bureau_guilde/tableau_missions/left.png;101823;7BB01CC7AE9D9FB32CDC90528E35B6B9087999BF18B3D5975D329008EAC5965C
game/assets/mobilier/catalogue_manifest_v105p.json;40223;DB7C206948ADED48F336C8AE4A02168004064D1805A49AB0DAA1F2A541CA3151
game/assets/mobilier/centre_soins/canape_attente/back.png;125732;43DD83C43509612B71C1C3139F6A6A9BC9C250540334938BF298BBE04EE48D8E
game/assets/mobilier/centre_soins/canape_attente/front.png;149140;A1B4F68896591D66F6C3BBE5F1B7837EF0ADD353E7737F72C2D6839597C1A3CB
game/assets/mobilier/centre_soins/canape_attente/left.png;198815;5B5D19ABED6313BBA89D5D7463C083B03698060AF19F6287759D9A0D8B1F333A
game/assets/mobilier/centre_soins/carte_murale/back.png;132349;37437BDACBBF341CFA1BE3293E154115F64571402E431996503A85E54378A741
game/assets/mobilier/centre_soins/carte_murale/front.png;196435;EA62D0037C95C2887EED66E33D1C75685B90CEC33325C5BD63C9FCCCF906B0D9
game/assets/mobilier/centre_soins/carte_murale/left.png;73189;5B70D72557CC14CA2EC55A8FD308D52097C57834C787A0EAB332AE431D6F3BE8
game/assets/mobilier/centre_soins/comptoir_medical/back.png;146225;F157C1D9662D564CF1B9E4A6BCCC9D10F1D70B619B4C8D54BD8F649DB8F10EC0
game/assets/mobilier/centre_soins/comptoir_medical/front.png;161395;2768175B260839D54591926F9B3610772E7981C3AF9234EDF99152F32BC6B9BD
game/assets/mobilier/centre_soins/comptoir_medical/left.png;220864;A8E23226EFAFD4E5DF9463D86F76777FE2BA71E55C3D492051156818C9366A56
game/assets/mobilier/centre_soins/machine_soin/back.png;222045;CA416FE736607B006DFB376341788DF642C458C74AEDE480FFA7CB1894C0E61F
game/assets/mobilier/centre_soins/machine_soin/front.png;225876;ED5A85045233FF6A0C4BFA23C96B46EDC59EC65C9F60B71D02A1CF695EE29C2D
game/assets/mobilier/centre_soins/machine_soin/left.png;236354;77CB9BB403EFF50FC8BA408F28B0B8DC513A97CE560621E70596D3C1199630F7
game/assets/mobilier/centre_soins/pc_public/back.png;190047;2973772EE72F986C8F9C815A0CC26F24D26A768538A5DE435C342FC15F160FA9
game/assets/mobilier/centre_soins/pc_public/front.png;215959;166CEB99A4ED99C2ADB74E6A5BE4D43F76E3FD6B4DFD60023B46B0BE59DA3C7E
game/assets/mobilier/centre_soins/pc_public/left.png;161698;9ADE6A4DCAF05F3D8C5A7818C705EFEA4EA705394867F5E570209A72A5435972
game/assets/mobilier/citadelle/autel_coeur/back.png;265758;534B42844EB91E5A4262230DC79F29F8F6660EAF89F880AE528D04028EE62D92
game/assets/mobilier/citadelle/autel_coeur/front.png;269630;062A209764EED6B0EC5E8F918A86E65B77C14A87109672E991EB206BA964BC00
game/assets/mobilier/citadelle/autel_coeur/left.png;180305;D6F2EBF960CC702BBA40A9FA31176C98AEE4625673338E341E95E0E507E5EE93
game/assets/mobilier/citadelle/brasero_sacre/back.png;189365;76ACABF216C06673D73CBDC1DD699FA5B58271A5830516D07870BE7D7A956510
game/assets/mobilier/citadelle/brasero_sacre/front.png;191470;8548E4DF137E2D093965D1C1BDBCD97DCBE2231A72D29869F70E10D97FB43DD3
game/assets/mobilier/citadelle/brasero_sacre/left.png;157468;91AA385DBEA0F59E8BE8F00C2BAFB3592391866520D654C27AE8965FEC5EBE3B
game/assets/mobilier/citadelle/pilier_eclat/back.png;178092;6D29989F4CDB0722BDA58CBAD767EB951FF2A9E7F49FC0ED11071A7DF5F0F205
game/assets/mobilier/citadelle/pilier_eclat/front.png;166671;0B7F93C6917122C3C785966812EA498DEEC758153677ADF9302C8F72E6386104
game/assets/mobilier/citadelle/pilier_eclat/left.png;109409;E3F24060E280F1A9537B24E4DB3EC75198A7CE62223C32BD7A0DF29D4346B10D
game/assets/mobilier/citadelle/table_strategique/back.png;225530;6930BB423D6973C8FFA185C7EF8EE265F1462CBAABB227ECBBECDEF275F76488
game/assets/mobilier/citadelle/table_strategique/front.png;231491;83E2A0523F9D5F5D83FEB2FE2B31C520EA3A9488257EC34833E5A6B3598B50CB
game/assets/mobilier/citadelle/table_strategique/left.png;217159;11490C6924EA877CC2D0A34D08585830BAF87361715940395368B0F6CEBE9B90
game/assets/mobilier/citadelle/trone_citadelle/back.png;209734;CC633819FE6BA76361F26022B2662C76A650D3B043EC3F6CCC26FE94B5D54760
game/assets/mobilier/citadelle/trone_citadelle/front.png;230355;B3E23092F0A15CEC1CA6ACC4BAADA10FF95E2613D244BC8D32103B751F4169A1
game/assets/mobilier/citadelle/trone_citadelle/left.png;126491;C7760C9218ED8787845757215853D6D61FF3DE67A9B37DDD3CB718BC4A59B88F
game/assets/mobilier/ecole/bureau_professeur/back.png;183011;24F0376E6FDA0A0EE5141479FBDB51ED3195B02543B1001C892D138EBFDC756B
game/assets/mobilier/ecole/bureau_professeur/front.png;215522;25928129B893F6174D46FF9EECD4543C963E379C345D96AFA38A9711A076E491
game/assets/mobilier/ecole/bureau_professeur/left.png;145281;456C2F44E3F177E4A755E8092EFE2A50AFC094A12F40AE2673ADD80654555D2A
game/assets/mobilier/ecole/casier_ecole/back.png;165014;924B30FAA96C1C619FB106D547A37D4EB14D04724040E668C1AC6F964FC7152A
game/assets/mobilier/ecole/casier_ecole/front.png;203561;C5B7B032D1F28849BD3FB11E824DE14DEAAB0054FB45D9918224D3D2C3A38973
game/assets/mobilier/ecole/casier_ecole/left.png;105121;ABD091AC9A31E3F587C9B39403BB43365192676F3C639853087E80A8E04D770F
game/assets/mobilier/ecole/globe_valdora/back.png;211189;BB7705C52F332CF3E79E6CCC1BEDB7E476D40D0B4DF86B8538740FE18FF3B07E
game/assets/mobilier/ecole/globe_valdora/front.png;244348;B9CC303B77869FFEFD15E4356F0BC4E02A511E40BEDCDD99558FF6A3ACD9F4B2
game/assets/mobilier/ecole/globe_valdora/left.png;178549;491E177521CDE99F24E6F7D5556D3ED85215E375B5B1CF385EE335BC1A2B27EA
game/assets/mobilier/ecole/pupitre_eleve/back.png;188847;F1A69EF36933648CD994791AC0CC6432A39A38CB5394DFCD72F8AECFF4708E0B
game/assets/mobilier/ecole/pupitre_eleve/front.png;162039;7ACF56B55900DEE2B0E4ED7F7535E6ADEA0A405B5FCF1BC42069A9CAC0DC8128
game/assets/mobilier/ecole/pupitre_eleve/left.png;161397;C8BC7F0F97AF09DA901F74BF9519F8A341EA08B88169302BA5F418769A016962
game/assets/mobilier/ecole/tableau_cours/back.png;135286;F3963142216ACE19FBBDE93B47CF0B45A500D5455E32A0186B8988221F22DB97
game/assets/mobilier/ecole/tableau_cours/front.png;198965;F473914789AB28779F2B1519EFE4A8209730FC0950B2F4391D32C38F0B1067CF
game/assets/mobilier/ecole/tableau_cours/left.png;77986;570A0EF27747D875C11DE654C90D904911C51F8CC32D899AAC9837C1A74A1679
game/assets/mobilier/gardien/autel_sceau/back.png;224182;3602D83CC303E8BEB71DDF30019CACC3D2A55185A74C846D767B3E562B4B377B
game/assets/mobilier/gardien/autel_sceau/front.png;249539;855A9A8537AA22E03FB97136F015F390699C3531D5B49AAF06AA5641B57AF667
game/assets/mobilier/gardien/autel_sceau/left.png;188824;5E2611A29D8E3D3ABC2AEAD327BBE468013D0F847A14124299A94B6A5CEAD5C6
game/assets/mobilier/gardien/banc_defi/back.png;150619;47372E1882AAEF25B681506D6117CEDE98F41F2987FD61BBE44325B0440B011D
game/assets/mobilier/gardien/banc_defi/front.png;155096;A4A3282C2F093531E54A08459395A81CAF5B166757501B4E2F64E1C573EE7F91
game/assets/mobilier/gardien/banc_defi/left.png;164185;A1804965E760940458173769F41DB7B08E00AAA26E5D252E2AB64A5DC2CB588F
game/assets/mobilier/gardien/banniere_gardien/back.png;118834;754AB2BB11835419F4F7D4FFAE4859C76B4E17753C8B91A3D27E2C0F24E61A21
game/assets/mobilier/gardien/banniere_gardien/front.png;133317;43E50B873FC6E3B723969DA06FDFF4AB42DE18749C593C15756FB042A51A6ECC
game/assets/mobilier/gardien/banniere_gardien/left.png;69235;BBEAB285AF902960D4932B46FDAAB179867D41FC364443D3B7371AA74691DFAE
game/assets/mobilier/gardien/presentoir_trophees/back.png;217949;5D85DA744DA01511396A5DB750B11505B43AD602425AF4548AE9B5AA49691026
game/assets/mobilier/gardien/presentoir_trophees/front.png;291149;9DC958D0790D601BED9C96A94E3F369127A6D53B402D59A23D3665DCC1BDE677
game/assets/mobilier/gardien/presentoir_trophees/left.png;134870;4F8C37E928A11A6CB8DE337D54171830C1C9C59B4F2D3D324665D0E178BAC301
game/assets/mobilier/gardien/pupitre_gardien/back.png;184376;19EDA450BA5A0AD3096418671C6E71A4B1C843418C6FFB9FC4A8CEAD530C33DF
game/assets/mobilier/gardien/pupitre_gardien/front.png;221940;535F856A358A8CBFD3EE509593DD96DCFF1E4CC25D6433D86A7361FEC3A1DF3E
game/assets/mobilier/gardien/pupitre_gardien/left.png;134353;36A1F89209EC6B1E61335665E0AD7B45586B5F92745A9EEB60DD94CBE602520E
game/assets/mobilier/gare/banc_quai/back.png;141286;306BA8D5F85BE8B8F37173A8751B6DDE72619BE07706D563B9275E30FCA3B804
game/assets/mobilier/gare/banc_quai/front.png;150245;96A0B0FEA5622493E13B5688A18EE8267F0A3AAB63CFE1A0B35176632B1B3B47
game/assets/mobilier/gare/banc_quai/left.png;163142;95A5F213D1C5612A2C35E40D2F7235B8733CE25C8F967DD9F29E61AE2DBA79F6
game/assets/mobilier/gare/distributeur_boissons/back.png;147718;FCB8C583F43DB0870EEA22774065401186172CDF5968C8E0D3DEB5BE757CB64A
game/assets/mobilier/gare/distributeur_boissons/front.png;257536;DB7B67509B0AF6B9FB72436EFCA7931930EE855A7CEE299D0E9E9AFE362F8CE2
game/assets/mobilier/gare/distributeur_boissons/left.png;141733;E4412500DFE7F25B8207E142F552E1701DEB04FB751D0BDCE3091EA7720FF3AB
game/assets/mobilier/gare/guichet_billets/back.png;195183;F821D928E2A0010A88ECE6CC3A1D245C7186B159474D0C19E83C84AEF111F805
game/assets/mobilier/gare/guichet_billets/front.png;254198;32DE7F43F5138A7CB6491E6498CA7F92EEADD3E6462C9441DD7B0A055533ECCB
game/assets/mobilier/gare/guichet_billets/left.png;134958;CD9B562412952227343B1FDCEA2D06A80A5B52F2B517D6CE19EE325F57CFDB59
game/assets/mobilier/gare/panneau_horaires/back.png;188445;DF0D4DD7718D9CD91C866DEEDD8E2D403D6F1B33DA2BF66BBF50093749D4BF3A
game/assets/mobilier/gare/panneau_horaires/front.png;234829;52FEF69BA511191BF7EC8923B1B8947C5DF1F2EA1B6B979910E47B05EB7E3DFD
game/assets/mobilier/gare/panneau_horaires/left.png;90332;ACC35A5A4AF31A64CDD10D8D1A4BC38818C299A22F250F67DA7F76E9D2EF38A5
game/assets/mobilier/gare/tourniquet_acces/back.png;147150;5C5A92210C115ABF98C0DEE358DD9AE64010F0133681197C9B443F881CBB26B3
game/assets/mobilier/gare/tourniquet_acces/front.png;182148;F8BD96B2154FC9A0A41BC0ABE2C0E42E95205C868DB0BAAF33F909B58A24FA9F
game/assets/mobilier/gare/tourniquet_acces/left.png;142603;0CBBA7A13130550E283643A6EC89007333FCB5F56FFC461CA06A60A704AAA545
game/assets/mobilier/hotel/chariot_bagages/back.png;188587;3075C9C55D48846BBA66926524753B6A2260A5F4A70D65CA93AFBEB31BECFA62
game/assets/mobilier/hotel/chariot_bagages/front.png;188609;9127553032EF49203AF53B7A240209DB8F629F69A18429AB0F277678C440E100
game/assets/mobilier/hotel/chariot_bagages/left.png;110428;861CEF39B615D3002AEC1106910A1CD498BDBCC68AB304947A70CB31811D73A1
game/assets/mobilier/hotel/lit_luxe/back.png;174462;5031E5AC57C1005BA546F6ABD63D911BACE679CD576F416927673668D921BCD8
game/assets/mobilier/hotel/lit_luxe/front.png;215793;60543FBD6DC6FB3820928B8C22359D4264A44D173C7DAB07A60450E8B826DC01
game/assets/mobilier/hotel/lit_luxe/left.png;179518;B86418306FEBD3F9EFDFC31B58C23C89F2EC3FD45E902D993F2B44D54D31AEAA
game/assets/mobilier/hotel/plante_pot/back.png;207068;F96DE18F7E3EF39D5B50FF196020247D84D5F188EE0F2DF46F31DA0A1AEBCFB5
game/assets/mobilier/hotel/plante_pot/front.png;221842;CDC0A25CB54F97FF6A8C3755B54CF0FA9FF23EB7398F26CD02DF2C391FC73013
game/assets/mobilier/hotel/plante_pot/left.png;163673;196A38992714EF9A9AE99237E05C1B70A510C10BC1E53379EA8A2E9806F81222
game/assets/mobilier/hotel/reception_hotel/back.png;226329;90E2372F02BBE8A1F02C8D1C4BE62CB913CE11C98A1EC482D1DA08EC976B0D6D
game/assets/mobilier/hotel/reception_hotel/front.png;257314;15148154FC7EF9E3ECFF2A4911380FCD2658631D196042FE0FDF0A59D8373C15
game/assets/mobilier/hotel/reception_hotel/left.png;187132;86E78600103D45BDCAB75F3A6084E88B7F85B03A4B6982772A673DAF1E5DA876
game/assets/mobilier/laboratoire/incubateur/back.png;189153;F6EF2ED2CFC3B60AAFC78E567C44BD521134BD61E89AF3F200350D2D10FBB262
game/assets/mobilier/laboratoire/incubateur/front.png;239177;DCA42850295474C184DA9393F5876C91955288172B6D1D9E604ED8F7EF47F50F
game/assets/mobilier/laboratoire/incubateur/left.png;196441;01AE593C6C1D11A222B2514BC4C1BC9D201E959D40524F7A8007362DE0B49BE5
game/assets/mobilier/laboratoire/supercalculateur/back.png;226399;C9A7288AFD36A0FD5E24FDDD54E4F25F21C2C0CFA958305BE74CBB7C41B93C9F
game/assets/mobilier/laboratoire/supercalculateur/front.png;249090;AB5B0E98757C140403599D9D1AD16EB62017159BB0AABC7808A556C930DFC173
game/assets/mobilier/laboratoire/supercalculateur/left.png;198764;C43BB6982EF8AC75EE16616736EA4DE991C919AC72E70C545EA8EE35F9C38054
game/assets/mobilier/laboratoire/table_starters/back.png;195848;1166D3DC904CD24FB43BA74E8B01BF3B64D0003FEB4B9C5326D708119D7640A5
game/assets/mobilier/laboratoire/table_starters/front.png;219592;8C9CDE5FD7C662E8A2442E42D6A27CFF063B9FD8820D934766B05D8E08F72BF0
game/assets/mobilier/laboratoire/table_starters/left.png;146590;CDFC981410972F58C36781802160A89C4D3FEB8152F1B505F0B48F61141E1403
game/assets/mobilier/laboratoire/tableau_blanc/back.png;135200;3C917FE9EB572F52C0DF0F1CA7DCD2D4C57EF0E6FE0550FD62A903F0AF56F023
game/assets/mobilier/laboratoire/tableau_blanc/front.png;186920;BAF81B4B5306D32CAE4F74504BD7C8E1AB93217CCBDF2F9C02DE963593D09C36
game/assets/mobilier/laboratoire/tableau_blanc/left.png;89396;212AA59818444DF629E7D0F84820201DA8C9B31A916A2FDC233F578D8F4CB78E
game/assets/mobilier/maison/bibliotheque/back.png;134465;F8591F7CFE72FFB8A7DB21B4A8D85B2BA587EA27CF50031C52D0BF1DB9D6ADEF
game/assets/mobilier/maison/bibliotheque/front.png;206863;41BABA52106FB950F2D4B09752D5CBEE567211C1B5413929C69DA21C7328CB0A
game/assets/mobilier/maison/bibliotheque/left.png;75783;6AA4C310485AE9E4406914FDA9BCDFF04E9E89C74947B679A70D25E779C56378
game/assets/mobilier/maison/console_salon/back.png;154226;B7AA6C341EAD234ADF372942B8E0C9A6001D6A29BF9D28385D8573231564B5A3
game/assets/mobilier/maison/console_salon/front.png;154631;559DD45C3F5AA4F7FEBACD86F967E8F8FA5C0D0E833C01421E78A0DD8DF32424
game/assets/mobilier/maison/console_salon/left.png;88393;7E30F389CB1118DDDFA7856E395066E68121402E4177837D242E07EEC837AC14
game/assets/mobilier/maison/lit_simple/back.png;173671;B0FB8935383C7FE8F4C8FDC6C03A4F3109F048EEF93BD58219B9C8D3D3BD2540
game/assets/mobilier/maison/lit_simple/front.png;212956;7EB9D698A8E623DB9E6924649D659899FAA50BF1EAD406F3C2AED086CD055983
game/assets/mobilier/maison/lit_simple/left.png;132629;FB3D7D7CE231AE4E9333785FDFF792C0B5603EE2BFCFBD8B8D8D9D6942C6F6D6
game/assets/mobilier/maison/table_cuisine/back.png;136994;324F2BE1E682E9F7BBE0DE8D69A8BD5F0F85583812BBB5BAF8625D1124F22407
game/assets/mobilier/maison/table_cuisine/front.png;137228;1EB1BDEB8012ED25E1F84BCD3DA0A5AB61EBF50097CEC18D19477CD1E1597A49
game/assets/mobilier/maison/table_cuisine/left.png;168041;270A22BEDBE4A70F23DB50CAF7F72611B5C86F3AC3C276F0514D8EFC0B45172C
game/assets/mobilier/maison/television/back.png;188593;B31E7B131B668FC1B23305334AC77BE31A5D228C98BE640CA4B93ED43C281402
game/assets/mobilier/maison/television/front.png;187209;33D5C252293A78535DC89ABB23783D0AE0BC90C737ADD747897353DAAB563E51
game/assets/mobilier/maison/television/left.png;111156;89B2293BD1F4B8546B3C4B5F44C9621BFAC49A32881831A4A1E5A96F06174CA6
game/assets/mobilier/musee/bureau_conservateur/back.png;169164;B768B62FFA8F87CA6E21B0A5BAF94FAD8FFC03E3659161A962D85D9A166AE98E
game/assets/mobilier/musee/bureau_conservateur/front.png;186039;50643648B1B415B668E605EF8F6F6C1D6B9CB720A675939ECFDA5DC5A674C30F
game/assets/mobilier/musee/bureau_conservateur/left.png;174826;49C5A22E3B5E5EBD230678D1C654253FB0E27FF6B54F24E21A49B9C7E71C83E8
game/assets/mobilier/musee/cordon_securite/back.png;92301;9B96DA5C4EE0A22563B724F09FF6BA8922A8271EA13C35E7AF9874F92F9A147E
game/assets/mobilier/musee/cordon_securite/front.png;90790;99F3976782B9A2D0A6F2C38D80DD4CFE87FB000C991FEC1571A3D2BBE7CE42CD
game/assets/mobilier/musee/cordon_securite/left.png;90102;E1F8AFD2D84C29A3C8153A8A680FF0FE352F711DB330273EECA043CA50460081
game/assets/mobilier/musee/socle_statue/back.png;166129;D4A94687A928B6E7AD1BF8D8CD59CC8AE1A53428C250ED68CF974D7C73212D66
game/assets/mobilier/musee/socle_statue/front.png;183263;52A53302EBCFEC9E7F9BAA025236EFF30BB81C5C9D0CA35C9C1245AD707B9352
game/assets/mobilier/musee/socle_statue/left.png;152509;1DCA912C448D792AB5BE62D2453B822C09DA6C369D207F04575FCB89FEE76ADD
game/assets/mobilier/musee/vitrine_verre/back.png;228454;03C6B848769B610450ADD7D6E4F78CF174412499F45B6BC0C5995DAB37CD9EA7
game/assets/mobilier/musee/vitrine_verre/front.png;235107;211EC173547BCCFECFE1BDC2BED705DC97D01B9264D585FEBFB57CFDDE5DF94D
game/assets/mobilier/musee/vitrine_verre/left.png;141853;D4C73F4BD546F9137786D8D1BDA2BE7EFA99B6E0849EA7FFC1A562C7759CDEE8
game/assets/mobilier/residence/armoire/back.png;167180;FE293B01A45334C599594A14D71A750EE5242CAF0F7AFD893BEDFB6E38B26C1B
game/assets/mobilier/residence/armoire/front.png;175529;7632E6C1E41181AB234AF190A03515F52D974380B292B9BD4FE8DD3D57ABA388
game/assets/mobilier/residence/armoire/left.png;106190;7A59BA603F21EBD7B14A561D7ABB3B73D86855283CA99229FF3CD2107C62808E
game/assets/mobilier/residence/bureau_domestique/back.png;115854;07384417991740C79C08636E62E1E9804E970A65181C9E4E45566851C7794C6E
game/assets/mobilier/residence/bureau_domestique/front.png;120980;CC4E693244C51EF10631C61317B88A9EC5D2DC0223FB5904F5198A59612D7389
game/assets/mobilier/residence/bureau_domestique/left.png;123084;AFA4A112537E0ADFAA263F9DCA01D58A473D96CECCAA076EFCB065217F67DEB1
game/assets/mobilier/residence/canape_modulaire/back.png;130750;896B5EAF1610E0137E8434EBC523428F74A4B883A66F03FD82387C227ECBA88E
game/assets/mobilier/residence/canape_modulaire/front.png;146791;11A57FBCBADBD8034A1DCF2ACA477BADBECC7664A9E5893C0E47B01D5A01C610
game/assets/mobilier/residence/canape_modulaire/left.png;166826;A8B7550CA7CDCFE5FB5D27EFABAEEAE1139A6D6093EB2A8B9AF9219C2A475B78
game/assets/mobilier/residence/commode/back.png;182543;39415E13680C96D900B715895DA7D25C838CBC83E5183B15F58E5E71CC9AAC94
game/assets/mobilier/residence/commode/front.png;188836;A998FE113139E724E34C6101290D3F2765E31382129CB6F67487873AAF193BD4
game/assets/mobilier/residence/commode/left.png;117626;06094A2C00B3A4A39258EB8E7D4A10B7A1F6226CBB1CF7BAF9889562DC0EB4DD
game/assets/mobilier/residence/table_basse/back.png;197161;8C19622839EB625659EDC0669955A57AEF958D51C2CB9F34274CB07AD591C5F8
game/assets/mobilier/residence/table_basse/front.png;202277;9F0061D188FF1AFA06801DD9F5F19C1A71D9E21308A6D7FBF2AF477AD01FC3F7
game/assets/mobilier/residence/table_basse/left.png;153665;8010FC2AAC3CE24BA6CC2AD5476C6EEF17B1F19A2641A1D08A58B29F80CBE094
game/assets/mobilier/restaurant_cafe/chaise_restaurant/back.png;132449;482F89CCF171DC73B53B43C5F3745746A96E3DA203C703ABE73C43947BAAB55A
game/assets/mobilier/restaurant_cafe/chaise_restaurant/front.png;120910;0736112E39495D373BDED9C4FA3CF07A6D5365379B6D79A5B4E028BF09A42E0E
game/assets/mobilier/restaurant_cafe/chaise_restaurant/left.png;108646;E85ED5F81AA6AF97A76A0CB961EEF8BC6FAAD0DF957B063FD41CF881B3B86174
game/assets/mobilier/restaurant_cafe/comptoir_restaurant/back.png;176518;6F6C90808AB5BEAB5186A2E4806D0E75D6DF585759A308D8AC527FB3DD4FFD11
game/assets/mobilier/restaurant_cafe/comptoir_restaurant/front.png;195344;6872C203955131E58B8B8EEB47CA0A0A36F8B719ABE4C908A5A06D73251F6898
game/assets/mobilier/restaurant_cafe/comptoir_restaurant/left.png;189596;256FFB0937EDF61CAB7254FA41924248085105DA18E7B0F0F7CE96B290C6D554
game/assets/mobilier/restaurant_cafe/cuisine_professionnelle/back.png;187872;7366D9A6A53A524DD6C9F6F0D96AB55267188D01832D6E6D93748801EAF48671
game/assets/mobilier/restaurant_cafe/cuisine_professionnelle/front.png;245241;77F266D68556571C68682C0555A3D2A99B4AC6A1FB90AA97E3479C51AD3A5D91
game/assets/mobilier/restaurant_cafe/cuisine_professionnelle/left.png;130291;12EE6AC189384856B7B27B790EBB23D3F8F44A9CCD294976AC0432CBC2346013
game/assets/mobilier/restaurant_cafe/presentoir_desserts/back.png;221352;51B9461EBB5911B95D523AD4DB7B87D90F4F280156CC828B78D0923C89A76E84
game/assets/mobilier/restaurant_cafe/presentoir_desserts/front.png;245168;A110C81AE29C942CB7D8DB48528C355CF3954602EAB67CF0F299FCA2A8742648
game/assets/mobilier/restaurant_cafe/presentoir_desserts/left.png;212097;95FA2D9E283298AA3A845B4AD1CCB139A2D5B1C056640D90FEC982F2BE502206
game/assets/mobilier/restaurant_cafe/table_restaurant/back.png;191924;2BD01C43EC9FFDD015CBA076B3129B7892291CF108D946F02021E62CF264F84D
game/assets/mobilier/restaurant_cafe/table_restaurant/front.png;156656;F19DB9E463CF8F60FA30DC617E6368736BAF6FE9BE2A7B7B768FA640487B875D
game/assets/mobilier/restaurant_cafe/table_restaurant/left.png;181907;8A911AD989E7346C52CC1C845B9391B5C92557E8AC0A648B7273931A56396B82
game/assets/mobilier/structure/ascenseur.png;1153956;21F65C02BCA51E84128EBD10446D62FB6B8688F69A0D8305C71527A36E55FA36
game/assets/mobilier/structure/escalier.png;1452981;3724B7D8F4058C307676E0B2E0D55ABDC771F0C6D88D0C00FEA32104ED256E6C
game/assets/mobilier/structure/mur.png;1301417;78E3FA3F9B06D644D6A9D3378559606A4CB9FC63F6F16E1241935902E14B542E
game/assets/mobilier/structure/porte.png;798063;8B95FBA4A39528EA3740D5D0D3983F0417B32AF02D97D1529793075CCF7604AB
game/assets/orbes/mega_orbe_eclat_v105u.png;1672378;C744C32ACBDE8E707FA6B79DFAF54DA5FF27345A8FB9795C576B2EECAF3A45DF
game/assets/orbes/orbe_eclat_v105u.png;1469195;0800BC5F1ADE7AF7E656330775A084C89520BE1462C5E8CF8E38D1848194A7F4
game/assets/orbes/super_orbe_eclat_v105u.png;1845122;4FF2A073475DF5654B64446B279ADCC8AF3BE06CA604FA5DD04608D19DBE7AEA
game/assets/title_valdora_v106r.png;2687807;F95CF4176BE85742169CE18AE5DEAE2FB77DA31ECBCA4C1CC0C98C482A3B4D70
game/assets/transport/bus_chibi_3d_v107h.svg;4146;023C5BB33C904C5FDB05EB9D4C5D82FAB545DBA146F50DB1FEC9373229F9640A
game/assets/transport/bus_fluo_val_d_ora_officiel_v107i.png;1331085;42E48388F9CD959489C5228377A2A2AF65406997E47BFE748ED8201E2B56E42B
game/assets/v105r-combat.js;49253;398F4C0A85C94FDD5C71B1855E5E3C5A32013A825DC6507CCA06745678C5F701
game/assets/v112/player_buoy_chibi3d_v112.png;1355708;A63037F991CAAD37B9E457C28B9E7A231A17B7281CAA173ABC120D3057140B62
game/assets/v112/roadside_cluster_chibi3d_v112.png;2150215;82DAF5CAB862779BEEB21E761A74C488D7B7C992391789AA4FDCDA71CAD5591B
game/assets/v112/swimmer_npc_chibi3d_v112.png;1276675;676B8DF50E1DAAAA3018E9C0B788B4B8070DBAF098F66B3819D115183B1DEEAC
game/assets/v112/tree_chibi3d_v112.png;1375493;2E1E6F03EF77337EA0DC580DDD99ECAB832F533E22FBF1172B8BE718015857EC
game/assets/v112/world_map_valdora_v112.png;3588928;2541C794C0555C9A4302D471E7CFB3315E499BAE12282879E72D64839C16C50E
game/assets/v113/bush_chibi3d_v113.png;1633019;91BEF6DDF950FEC07BEF1CB6092C02BA86525BD9B85335C5C1961366BE8EFE32
game/assets/v113/citadelle_coeur_canon_v113.png;2181487;44B9D39F221E9EA84A1D4C03850B534D01DC0B5FE41D89483702B3EFE5C6BACC
game/assets/v113/player_buoy_back_v113.png;679994;9C9A5DE8B779DB0542CA1248A07FFA70F91AEF081FBDC979A3DEC019FCE755BC
game/assets/v113/player_buoy_front_v113.png;716327;ADE56DD0B49E30221ED8B98F262D1F38CF12BD1A69CF9342B7DEE82825DE2FEC
game/assets/v113/player_buoy_right_v113.png;662217;CE9FB8D0EB71B9166E1B7777258262F545845FBC122910F01C49547269DEDDFE
game/assets/v113/PROMPTS_V113.md;3347;1C7F885FE0C1829AC9AFEB1EEBAC072E522742EE0FE5DDB57EE9FB14CEA1BF29
game/assets/v113/swimmer_npc_back_v113.png;1191928;D7BD18CD66C15318C30CB34F8C5D9067890F6D2707CAEB778F32C54F281EDA4B
game/assets/v113/swimmer_npc_right_v113.png;1008541;A39D725A80EEEB3C7C118D3257CCE262694DD58A480F33BB0A833CB8BBE12061
game/assets/v114/biome_props_atlas_chibi3d_v114.png;2345813;90AA0EB22856117AC81E1EF3E0BF6436EE6BE357F4CB208C4A22230A567348DA
game/assets/v114/dirt_road_chibi3d_v114.png;2971189;840619D0050EEDA500AF9F87A29EAFCD699A8A75F02DB671AC8B9627186B4043
game/assets/v114/grass_ground_chibi3d_v114.png;3005155;070FBC87CB2956FD0BE56A868FB49D57F434EF8AE3B30E28992A93F24F48DDA1
game/assets/v114/tall_grass_patch_chibi3d_v114.png;2420713;380BD59F4C5E438923306EF6340FAA4358FBBFF242C1E911027DF5A7B46BA9B0
game/assets/v114/town_pavers_chibi3d_v114.png;2228569;59271DB9BAAC666FAFC10AC38B1B0E5416E5F42C709BA4CF976E66CC27ECD5EE
game/assets/v115/legend_celestial_atlas_chibi3d_v115.png;2627576;F3CAD4F61F191FFDE31044B803B3D86ED274EA6C9D060C740322ABFEB2301B82
game/assets/v115/legend_darkwild_atlas_chibi3d_v115.png;2518327;5D68B59E8DFEE943111CB1BFEF68A329C0B9CE759DB0547101C7E60D2BC76B54
game/assets/v115/legend_elemental_atlas_chibi3d_v115.png;2647638;2C70F20A4421632DF0104EC1F974C165038F1E4569A56EE45D813821760C4585
game/assets/world_map_valdora_v111.png;3083564;20183843B80312DF743B64B703302A3773EC32E66F9D9B70560AC2514C915639
game/ASSETS_BATIMENTS_V103C/boutique_face.png;75037;EFB0294CDFE3DF097A7312660003E3811FF21559362E64F03FA64C67070548F4
game/ASSETS_BATIMENTS_V103C/centre_soins_face.png;74054;BD5FD336F0A6503A0FEF36B142D0A468F131F6F9490F775726F92E43123D4C69
game/ASSETS_BATIMENTS_V103C/dome_marees_face.png;138567;5C96DBB408B83C582310A27B229E0CD4E72B97B804F02F17258198FE15EDEE3E
game/ASSETS_BATIMENTS_V103C/gare_face.png;59147;F2F1A2D1EC9FF499E108F22E0B3C76DBE2DFFFDA3243F9DFCEF9911A12A8345E
game/ASSETS_BATIMENTS_V103C/grand_immeuble_face.png;95468;04E4AB73974F947E97E480B8DB02BB0A703E489A6D357DE89A65C16DC4B73642
game/ASSETS_BATIMENTS_V103C/hotel_face.png;58836;F3F609F9175707B4FA6BA718E6A065BC093A12E4C1F89647CC4B584CED2BF6FA
game/ASSETS_BATIMENTS_V103C/laboratoire_face.png;76702;927AF3F4FBA0FD8409FE3D0BF3FCCEB72558E439326E2CCA6808E8661A5D745F
game/ASSETS_BATIMENTS_V103C/maison_familiale_face.png;62410;4AED0B2BC17FE15DF0E0D71AE007610AFA2F02F8504EAF780C19174E6DB0F963
game/ASSETS_BATIMENTS_V103C/maison_village_face.png;64743;32ACA784314E4F865518954D78B7DADD90DA09E2E19C1180B324A6BFC0F17A28
game/ASSETS_BATIMENTS_V103C/moyen_immeuble_face.png;72209;8D6E7C6F93D967C1810B00DA6D6ED8F7008611C98AE94841868C24CFD244BBB6
game/ASSETS_BATIMENTS_V103C/musee_face.png;53305;21E82A0BEB0F8DD854D36A53BCE17F334A1F4B43B8EE67B7F5A1A4F411D1163B
game/ASSETS_BATIMENTS_V103C/petit_immeuble_face.png;61074;4726990BCCED6B25EADCADB075F20A389A5AFBBD1041E19E7F22D16A263E5C23
game/ASSETS_BATIMENTS_V103C/restaurant_face.png;74175;AD5AE658BD0B7887E6C4FF67E4399EEACE0D3A7FE5D60A30A884EDEB950507EF
game/ASSETS_BATIMENTS_V103C/sanctuaire_sylvestre_face.png;139443;7CA0E53CC2A2A30B27808AF44D14D9754142DA74ED26E95DCDB9EB3EE1976909
game/ASSETS_BATIMENTS_V103C/sceau_aube_face.png;114633;AA286AB32A114C5ABFE240C744D03ACC97EB5760D9FEB467F51102AFEF02D946
game/ASSETS_BATIMENTS_V103C/sceau_brumes_face.png;136713;53DD30F3BA2EFAB44B52EB0CAADA74715B372727C60B6FF32D739B52784B6DC5
game/ASSETS_BATIMENTS_V103C/sceau_coeur_face.png;139443;7CA0E53CC2A2A30B27808AF44D14D9754142DA74ED26E95DCDB9EB3EE1976909
game/ASSETS_BATIMENTS_V103C/sceau_eclat_face.png;114815;C41C6064FB42E6F5C92A962B69B121F27F948520FE1F778FCFD0B972371B4964
game/ASSETS_BATIMENTS_V103C/sceau_marees_face.png;138567;5C96DBB408B83C582310A27B229E0CD4E72B97B804F02F17258198FE15EDEE3E
game/ASSETS_BATIMENTS_V103C/sceau_roche_face.png;136382;7D0604654707EB36A3AA9D546A2BFA2CB39368AC6452537CC351DF5E17C1FCC2
game/ASSETS_BATIMENTS_V103C/sceau_vent_face.png;114753;C724A89CD73EB07C40CB016ED6515B82A0CE10D952C530134145EDFB5F205413
game/ASSETS_BATIMENTS_V103C/temple_sceau_flamme_face.png;138396;6CCC1F671DB7A6364FDCB42FE6B0D2F41A99B2547FFF3BF160DAB8B7FF91A8F4
game/ASSETS_BATIMENTS_V103C/tour_astrale_face.png;113761;5F276182D74D41A1FE0FBC24BA651BD78FE54E787840861157B90D5DE835FBFA
game/ASSETS_DECOR_V107D/bus_stop/back.png;8377;9F6A359FE600BC9E12252A20AAA83A880607512A037ADB5FA94CC67058C509E4
game/ASSETS_DECOR_V107D/bus_stop/front.png;9590;511A9D0479BB7D425EFA5C203A8B314D66A374D887569AEAA3BFC1E1D45343F5
game/ASSETS_DECOR_V107D/bus_stop/left.png;8085;B8DE782E81FD1ED0ADB899B10924AD6A2D10AACA5FE8150346E27AF34CAB69E5
game/ASSETS_DECOR_V107D/bus_stop/right.png;7655;D0A5B4D47133B639E3C6B899F90DD4993577459CE21FC5E796A2AE0847FFEE4B
game/ASSETS_DECOR_V107D/bush_decor/back.png;11426;E120409DF62B64AE2EFA97705C47CBD1C339BE7A1914EC336E614BCFD386AE86
game/ASSETS_DECOR_V107D/bush_decor/front.png;11426;E120409DF62B64AE2EFA97705C47CBD1C339BE7A1914EC336E614BCFD386AE86
game/ASSETS_DECOR_V107D/bush_decor/left.png;11426;E120409DF62B64AE2EFA97705C47CBD1C339BE7A1914EC336E614BCFD386AE86
game/ASSETS_DECOR_V107D/bush_decor/right.png;11426;E120409DF62B64AE2EFA97705C47CBD1C339BE7A1914EC336E614BCFD386AE86
game/ASSETS_DECOR_V107D/bush_search/back.png;11948;875CFA8D1AB4624827EA41D44A25C4853448E087F23E0F5EA99F6EF57E2742AC
game/ASSETS_DECOR_V107D/bush_search/front.png;12549;6F8D10B8C6B48069BE3636B34DA170C3C773B8CB16257C46AD45D298E33BC89F
game/ASSETS_DECOR_V107D/bush_search/left.png;12273;3F4D34E3214F9EA7D5BF018AEB797A25ABDC652ED5B14D0CF6063E0C142CC43E
game/ASSETS_DECOR_V107D/bush_search/right.png;12273;3F4D34E3214F9EA7D5BF018AEB797A25ABDC652ED5B14D0CF6063E0C142CC43E
game/ASSETS_DECOR_V107D/chest_search/back.png;5762;7563F15B6E7C4B69341B2B005B9F63A0478B94E8DB0FEFC2D8AA904A4FC8221A
game/ASSETS_DECOR_V107D/chest_search/front.png;5583;3247F900DAAD1D27A776D389B33B980CA43339A10C2E2EF36ECA83F2D3DAB6AD
game/ASSETS_DECOR_V107D/chest_search/left.png;5583;3247F900DAAD1D27A776D389B33B980CA43339A10C2E2EF36ECA83F2D3DAB6AD
game/ASSETS_DECOR_V107D/chest_search/right.png;5583;3247F900DAAD1D27A776D389B33B980CA43339A10C2E2EF36ECA83F2D3DAB6AD
game/ASSETS_DECOR_V107D/crate_search/back.png;5480;7C3A132DD09B8713A87CD717A3936525C122402DFAB3A4E354E8968DE7D3BD90
game/ASSETS_DECOR_V107D/crate_search/front.png;5416;42889FA207D5A6A8DC8EB4AEB967F6EAC2CB4DD396AF256C4458E8F770AA2C50
game/ASSETS_DECOR_V107D/crate_search/left.png;8525;EBB8A211D6AE9C87CDB2DD30CD529A0607A616966F428DCC98B82685415A8E74
game/ASSETS_DECOR_V107D/crate_search/right.png;8525;EBB8A211D6AE9C87CDB2DD30CD529A0607A616966F428DCC98B82685415A8E74
game/ASSETS_DECOR_V107D/fence_wood/back.png;3512;C4F78F0A81FDA25807CF0633DBA17F7C1AC5F961237F629D464084FE908514E9
game/ASSETS_DECOR_V107D/fence_wood/front.png;3512;C4F78F0A81FDA25807CF0633DBA17F7C1AC5F961237F629D464084FE908514E9
game/ASSETS_DECOR_V107D/fence_wood/left.png;5867;5ACD0741B7F825989227E3C7C132BB29D8377FB64E149EF39CEF90474E6C73D1
game/ASSETS_DECOR_V107D/fence_wood/right.png;6803;1705046EC740386A88BF926A577F3699908AF50D60BA1DB11B775D9495364143
game/ASSETS_DECOR_V107D/flower_patch/back.png;10807;965A6AC549EBC82E7F2FB7240AC19CBF8F16303942A7CB27BE5601A4D814C2E0
game/ASSETS_DECOR_V107D/flower_patch/front.png;10807;965A6AC549EBC82E7F2FB7240AC19CBF8F16303942A7CB27BE5601A4D814C2E0
game/ASSETS_DECOR_V107D/flower_patch/left.png;10807;965A6AC549EBC82E7F2FB7240AC19CBF8F16303942A7CB27BE5601A4D814C2E0
game/ASSETS_DECOR_V107D/flower_patch/right.png;10807;965A6AC549EBC82E7F2FB7240AC19CBF8F16303942A7CB27BE5601A4D814C2E0
game/ASSETS_DECOR_V107D/sign_read/back.png;3200;D9750A091ED5E4A6BF39DB399748702369682C02EC40815484DFE78475344554
game/ASSETS_DECOR_V107D/sign_read/front.png;3002;A8A0AEA403283D00891572136B33570FBB6017F941FB4B0649768CE2E8C90C3F
game/ASSETS_DECOR_V107D/sign_read/left.png;4591;070D2D19808A3694813F06EA5876512B2B5B01FB12A98AD6A1E88B7EF1A6484C
game/ASSETS_DECOR_V107D/sign_read/right.png;4606;483221AEF23A69E2A212FC47C0E5C6B4C98F6456DF7299C0D2C8A7CC5839ED6D
game/ASSETS_DECOR_V107D/tree_deciduous/back.png;12608;8C938E75FCCFCDE6DEF10F8E7D03B58933827E868DDAB3BF6590ED769259C8E2
game/ASSETS_DECOR_V107D/tree_deciduous/front.png;12608;8C938E75FCCFCDE6DEF10F8E7D03B58933827E868DDAB3BF6590ED769259C8E2
game/ASSETS_DECOR_V107D/tree_deciduous/left.png;12608;8C938E75FCCFCDE6DEF10F8E7D03B58933827E868DDAB3BF6590ED769259C8E2
game/ASSETS_DECOR_V107D/tree_deciduous/right.png;12608;8C938E75FCCFCDE6DEF10F8E7D03B58933827E868DDAB3BF6590ED769259C8E2
game/ASSETS_DECOR_V107D/tree_pine/back.png;6408;25B5043907C543927D79BB9CFAAD787476C81D2FAE04F315A0DB25FC3062B4D2
game/ASSETS_DECOR_V107D/tree_pine/front.png;6408;25B5043907C543927D79BB9CFAAD787476C81D2FAE04F315A0DB25FC3062B4D2
game/ASSETS_DECOR_V107D/tree_pine/left.png;6408;25B5043907C543927D79BB9CFAAD787476C81D2FAE04F315A0DB25FC3062B4D2
game/ASSETS_DECOR_V107D/tree_pine/right.png;6408;25B5043907C543927D79BB9CFAAD787476C81D2FAE04F315A0DB25FC3062B4D2
game/ASSETS_MOBILIER_EDITEUR_V102X/banc_quai.png;150410;25F84C2FE5DECE49B1AFF48EBAD74C3DC664CC7845E0CF918343418B148919CB
game/ASSETS_MOBILIER_EDITEUR_V102X/bibliotheque.png;222486;EC1C2B2A9E6C03607B6883969768A557DCC3F4C71666FD3D1745031437F38063
game/ASSETS_MOBILIER_EDITEUR_V102X/bureau_conservateur.png;354117;986A8E8B172123370D21994B1E8EF1A66DD7868BDFBE4CF5170881A23BD916EB
game/ASSETS_MOBILIER_EDITEUR_V102X/caisse_enregistreuse.png;181933;D571A372E23059941BC355958E3E5FA42C3F62D1582050B0C2F7DC73CC2A75E8
game/ASSETS_MOBILIER_EDITEUR_V102X/canape_attente.png;236838;30A66D9D76B18C3DF059343C073B0DD74CAE06B7E628F7C1B63724E9B6DACC30
game/ASSETS_MOBILIER_EDITEUR_V102X/carte_murale.png;319353;74BA71B66660C420DA0E88AA8263C8F17F3AD639275C76A4B89A437598BE4B9E
game/ASSETS_MOBILIER_EDITEUR_V102X/cartons_decor.png;167134;9C54FA99083A4C54EBACB70EC12C8090FFC7D69B401ED1100D8191671C5435AA
game/ASSETS_MOBILIER_EDITEUR_V102X/chariot_bagages.png;267886;D57790DCBCB3BB04643ABEFF54F64014E2E9E935D28E7D298FD3A77A3B6906B7
game/ASSETS_MOBILIER_EDITEUR_V102X/comptoir_medical.png;319342;0B12E914CE262FAFB6394D4D777450BD66DC5A20BA905AF1B82423E2E7A293BC
game/ASSETS_MOBILIER_EDITEUR_V102X/comptoir_vente.png;350279;6925B11C10381743985D497BC718B6607A147732F57B38C01C9D693142437398
game/ASSETS_MOBILIER_EDITEUR_V102X/console_salon.png;278045;6A37600D0BC0E471944A12DA0CF21658254778FCDBDC8B23946020C0B3A167F7
game/ASSETS_MOBILIER_EDITEUR_V102X/cordon_securite.png;106023;A243E5E07D160A70B528E740E2D78D8B1AC8E15AC5E01E9DA8AD2FAF7845F727
game/ASSETS_MOBILIER_EDITEUR_V102X/distributeur_boissons.png;177182;6A20A2AD06535628E71A7B2E1543ACF55B8F7C3C748E34491492F425C389E27F
game/ASSETS_MOBILIER_EDITEUR_V102X/etagere_produits.png;465127;0507B183DC1806C142C9335D9DC2F155D0DF3DE1D0B24886264EA488C0CC8E26
game/ASSETS_MOBILIER_EDITEUR_V102X/guichet_billets.png;405780;19D26D0E27D815F5D889CC405ABB0A647DB9630258D881A23524D912CFCAA825
game/ASSETS_MOBILIER_EDITEUR_V102X/incubateur.png;335030;5D124720D72C04EB979A15DE4E545580BCC0D4AF51D3281543A0AC0DB887B5FB
game/ASSETS_MOBILIER_EDITEUR_V102X/lit_luxe.png;365285;FBCEF70BBFCCDEDD0CE1712EE8CD461C19A7A7D11F94F7ABBAABD88C89A7857C
game/ASSETS_MOBILIER_EDITEUR_V102X/lit_simple.png;193954;458ED87F0EDF79086D8A240BE2FEB00CE8317A85A023D44243073C597502209B
game/ASSETS_MOBILIER_EDITEUR_V102X/machine_soin.png;278337;F0C648C5A5325432D715B614D506719720FB20DCFC1D619736B6FC664668ED32
game/ASSETS_MOBILIER_EDITEUR_V102X/panneau_horaires.png;171307;4DF114AACC64D80C86D5EAF9B295F924B14B34936154663F5955E9570DE37171
game/ASSETS_MOBILIER_EDITEUR_V102X/pc_public.png;141174;6A633683A1AE469B5C317F59A37C843CFF55D9EAAF69BE23EFD04CF1CDEC9624
game/ASSETS_MOBILIER_EDITEUR_V102X/plante_pot.png;153311;B1E5D2EC39841139558344DE11D359FE63FEF506A95E0D05DFFDC2CD80F9D6B0
game/ASSETS_MOBILIER_EDITEUR_V102X/reception_hotel.png;336027;57AD129966DEFA3BD6F62E195BDCADE865CF8F49B3B166B482B9E2E657F80154
game/ASSETS_MOBILIER_EDITEUR_V102X/socle_statue.png;329498;44760359D3006EF0BAEBF770C3AAC0A1EF8CE824E4002EA89DDBCAC705C40DF8
game/ASSETS_MOBILIER_EDITEUR_V102X/supercalculateur.png;354261;4D81486F5314DB21EAE89C74FA45788AC9D3DE56E2657AAC2BBF13D2D6AB8D74
game/ASSETS_MOBILIER_EDITEUR_V102X/table_cuisine.png;260418;D9B0486B22DA7CFDB8C9840FA050B544D58CD2579D1166F93AE2275063E9FF5A
game/ASSETS_MOBILIER_EDITEUR_V102X/table_starters.png;242409;B367A175E5634D1AC0DE510185C3F23007640239F9EE926F75F2036E829AA31B
game/ASSETS_MOBILIER_EDITEUR_V102X/tableau_blanc.png;260663;6073D714E107C56FE853BF1C4E822BAF66C49D3498EBB86580034F492E3CCBB1
game/ASSETS_MOBILIER_EDITEUR_V102X/television.png;168767;6A23D77500297C6101CA8DE5027A5A2DA1899E51C3E1338502EBE5A2A93C108E
game/ASSETS_MOBILIER_EDITEUR_V102X/tourniquet_acces.png;240297;FD898D073FF5A1FC8B456BD922390593B854D7AAF8BBCCE6AAEA114F21F3C7DD
game/ASSETS_MOBILIER_EDITEUR_V102X/vitrine_verre.png;323358;0F3671080743415FC87D5FD0F71F41C472E85506FF7091C76B6C301FE1452617
game/ASSETS_PNJ_EXACTS/adolescent.png;20070;95F005A3E262A2997307B5544FFFD47214A9044EA4C2B81B074AD9ADBCD8DC3B
game/ASSETS_PNJ_EXACTS/agent_gare.png;18355;7F7DA8D1AAC3DF2F92E5A95192769EDADAB127093AD2C30C3027DCA113FA028B
game/ASSETS_PNJ_EXACTS/artiste.png;21149;0B772A21030B8E62AF3E5532911ADFE8E5376BD8009EA3D0491A0E7B374ED3AD
game/ASSETS_PNJ_EXACTS/client.png;17568;2DCB55AA51CFED16E3AE58F35EBD4DB8749C83D6DC7A7FCCE73DEB85C6425C70
game/ASSETS_PNJ_EXACTS/clown.png;19746;380E1D808D9579A81231C5BDF99FA1B2F440909E72E3B83FFCFD5F8EB535A7A8
game/ASSETS_PNJ_EXACTS/cuisinier.png;17957;0489DB94D34411FC4D8AD7E6946E0983587C75A63F55082AE1CA20AAD600C154
game/ASSETS_PNJ_EXACTS/dresseur.png;18845;764CAA9D4A10A4C59A18D587AAEF5C1906A4B42BC06DD4049EDDB7DD295E2722
game/ASSETS_PNJ_EXACTS/femme_aventuriere.png;19004;293ED849798AF5A0FE5BB559E19718E45A3A6A0D39EEC4FD4BDE261431468985
game/ASSETS_PNJ_EXACTS/femme_blonde.png;15936;22F6D3AE785CC5633DFEC44C6F40B04D62801BD84998C503A8B4DD0FDACD850E
game/ASSETS_PNJ_EXACTS/femme_brune.png;16268;C52164F040D03CC9181FC7B02BE974B5DF10E260DD17CF5EBE1803A72031F147
game/ASSETS_PNJ_EXACTS/femme_chatain.png;15506;D1DFCAF73799C69E95599883951F4459253C5A472B6DDB40C81717F986960C9A
game/ASSETS_PNJ_EXACTS/femme_ecoliere.png;19099;5C5F560C77F1FE5B2148E0DE6959578DDBE5769379A3CED6E00DA8F5BDBD5B70
game/ASSETS_PNJ_EXACTS/femme_elegante.png;21193;5E606962ABC74045840223D2948386E6DC7B11E7925933946F1A902BFF0BAD8C
game/ASSETS_PNJ_EXACTS/femme_noire.png;17508;D20CFCA7093DD69E4C8BA8F73C08E91139CD9FC13188D69FDC2696A9DC885CC1
game/ASSETS_PNJ_EXACTS/femme_rousse.png;16811;A4BB30EDE55B09931E7C5728009D02E6992B8925C3E23D359EEFDA2F3DF3FD8B
game/ASSETS_PNJ_EXACTS/femme_sportive.png;17511;C882676D551B2340FD1A3D72D9287BF610FDDF1F31274D406160FBA918F886D4
game/ASSETS_PNJ_EXACTS/femme_touriste.png;21152;6F404CA3ABCB3CD7271EC4B3F54DD5E0CB0BEAAFB335E1A1645BE85093CEF2EC
game/ASSETS_PNJ_EXACTS/fille_kid.png;15109;95A54883C2F78E1F32716E7799646973E0C71FBFBC8F735C0853FCACBC67158D
game/ASSETS_PNJ_EXACTS/homme_blond.png;16962;2CB640629FB380E1141783BD1AC6B1573565A5D4B2B092F53AE83792A8698BFB
game/ASSETS_PNJ_EXACTS/homme_brun.png;16964;B20355EDAD913BD491738FC1D0FA168FC7580018EB87C3CF293B9F28825500DF
game/ASSETS_PNJ_EXACTS/homme_employe.png;18364;4642000C446D171757C396CEA9ECFFA9C0F1AC690EE898ACFE6EBBB3DB8FE529
game/ASSETS_PNJ_EXACTS/homme_marin.png;18919;002B746139D1E828D45422BBE437C97DEA357E92331CB15F866011D505942899
game/ASSETS_PNJ_EXACTS/homme_noir_cheveux.png;16599;82C9DF9BF669ADDF85EB134C39C87261409BACC4CB9A686329642AABD428A492
game/ASSETS_PNJ_EXACTS/homme_peau_foncee.png;15910;DDA26AC4664DFC3195FFF6E9C6BBED967D02841DBEE8908A77A3B77066C04ED9
game/ASSETS_PNJ_EXACTS/homme_randonneur.png;19093;9BED3B1A4FE97054DDC6300F366A178897BEF532D1008DECBA1CAA1786771A81
game/ASSETS_PNJ_EXACTS/homme_roux.png;17057;11318D0195B25A3A99A63534E77C0D238F1875B8C9D305165A6386A63569E704
game/ASSETS_PNJ_EXACTS/homme_scientifique.png;18256;279730514C914BAA4B54225389D625501F0668B945A18CE1362DF5B6A4E2282C
game/ASSETS_PNJ_EXACTS/homme_sportif.png;18090;8BA2D8F6FCAEC19FDD6B965B3F6B99BD8D4AD6B82F8502D28738819F521BED52
game/ASSETS_PNJ_EXACTS/infirmiere.png;20099;26564B106C0E480BE4EFF69C39FEC4857E3246E991ACAABBD1ED1E5D6A9E1CE8
game/ASSETS_PNJ_EXACTS/kid.png;14834;F9A9D445E7EC2F974DC7C53CE4444239CF8B773848FAB65AF53677D36B5D97B6
game/ASSETS_PNJ_EXACTS/maire.png;19816;314267D5FBB8211D88A79C0DF4D99D5452B7AF69A44651D2E0FFA90949EE9EB0
game/ASSETS_PNJ_EXACTS/mamy.png;17327;B94622C1EFA9751E0BF857351942B33675AA4A41BCABCE74D2A7D4B6209F7E36
game/ASSETS_PNJ_EXACTS/musicien.png;19590;60D4BFC16A7C65736FA8CCD29E38B855D72FD709E8C53B90D8473890649E3879
game/ASSETS_PNJ_EXACTS/papy.png;19064;88A571A4D196FE4DC437DB233B3F6B1EAA84F4DB0357E4A1AFCCC953C9C10FBD
game/ASSETS_PNJ_EXACTS/player_rivale.png;19490;C6FFCDBBAA5491F6C0EA37AD020273DCC290F0D383E1B783FC544E0D453D46B3
game/ASSETS_PNJ_EXACTS/policier.png;19700;D7224113BDC92769D7F44740F002DB9D2E597DB200BF050AD57E272A661D03C9
game/ASSETS_PNJ_EXACTS/professeur.png;20413;7637FE062E303FAD8828FA4A8FA8B8D0B6E06B03EE9649A30E8C8BED762E42EB
game/ASSETS_PNJ_EXACTS/professeur_aurine_homme.png;18256;279730514C914BAA4B54225389D625501F0668B945A18CE1362DF5B6A4E2282C
game/ASSETS_PNJ_EXACTS/ranger.png;19050;66B21FDD0007FA11B52B263A555AEFDB383565E209D9A418B59084BE2AAFCA26
game/ASSETS_PNJ_EXACTS/touriste_etranger.png;15372;46BB188646BF8A7E9A5842DE6B27EE68436A539688345D13BA067D9AA7E89849
game/ASSETS_PNJ_EXACTS/vendeur.png;17593;60F2FFA2EB11FCDBD55FBA42894142D2D11BA553A6B007137D304D388A6478E7
game/ASSETS_ROUTES_V103E/chemin_horizontal.png;15983;0A9186D7DAEC8027585A7EE6B4D7619EC205D63C80CF865E3C73AE88FED35130
game/ASSETS_ROUTES_V103E/chemin_vertical.png;17542;935E8E82E67ECCD6CDD808DAAD5E7C30A6483331AB3FD39B2994A5994E545D20
game/ASSETS_ROUTES_V103E/pave_corner.png;36353;752279E013A14506518D84BAA0D47F88FA0E78164EB7D0E8747B6D69CDFF7050
game/ASSETS_ROUTES_V103E/pave_corner_v104j.png;36353;752279E013A14506518D84BAA0D47F88FA0E78164EB7D0E8747B6D69CDFF7050
game/ASSETS_ROUTES_V103E/pave_cross_v104i.png;35120;FBD67CD98240C0E3C0736B18919EF422DB14A182112037767CE586BDFE055637
game/ASSETS_ROUTES_V103E/pave_cross_v104j.png;34931;203130345A998788A786DBE57FD555C01648BADFB809FC97E5E6BE343475C035
game/ASSETS_ROUTES_V103E/pave_end_v104j.png;34161;21074D992A30E32F7E8723325DB76C712DBCFB7AD4004F94BE773D8D735217D2
game/ASSETS_ROUTES_V103E/pave_endcap.png;34161;21074D992A30E32F7E8723325DB76C712DBCFB7AD4004F94BE773D8D735217D2
game/ASSETS_ROUTES_V103E/pave_horizontal.png;22281;017CAF53EA16C48B4D69884452C02D95A234100B02CDEAEC354BDC8675C17293
game/ASSETS_ROUTES_V103E/pave_intersection.png;31544;C134B19280BFC3B09B90121322078A97DD5DCF5DB0889C207DD1C1213A58B624
game/ASSETS_ROUTES_V103E/pave_t_v104j.png;35120;FBD67CD98240C0E3C0736B18919EF422DB14A182112037767CE586BDFE055637
game/ASSETS_ROUTES_V103E/pave_vertical.png;19845;BD45534FEFB16D441BAD8A76BEA1185DF240B44F09AD869337AB4B08FBF18E1C
game/ASSETS_ROUTES_V103E/PLANCHE_SOURCE_ROUTES_CHEMINS.png;2634721;ED8320560340B8932766C4BE17038BF175694FDB532526E6901BACD547D99EEB
game/ASSETS_ROUTES_V105B/dirt_corner.png;37952;B96A3F4E02E72BC38911CC18D42A197C584B797D36F8586331B82F6B736DAD97
game/ASSETS_ROUTES_V105B/dirt_cross.png;31797;B973060CF21816F4C26A7A40A850C196366F11E80D95AB140F1721DC2BC8C0A0
game/ASSETS_ROUTES_V105B/dirt_end.png;32873;EAF0CD5798FDB99679B720DFBA9EAD47FA25D4DFA6698485B3AA853ABBD06090
game/ASSETS_ROUTES_V105B/dirt_h.png;41116;9A7F09CBA02A189DA53F3A5A38B8FBB217D41074B271D415F6A11E2F3D96B1E7
game/ASSETS_ROUTES_V105B/dirt_t.png;36906;8E1BE4CC38CB469D1B9F2AF9FFC4550113252C98559382A4793ACE98232246CC
game/ASSETS_ROUTES_V105B/dirt_v.png;38865;516EACB31F81B5A20C032AC80B3F7A2D10504F9533D4CD02D172189A1AA2DDF2
game/ASSETS_ROUTES_V105B/pave_corner.png;38867;0D5063E3E6C61C0658B7994D27DDB2DC6E5B07C13A984613C579FF3606DDAC80
game/ASSETS_ROUTES_V105B/pave_cross.png;36787;C2C5D844F790D1181EE25C28807171D60E4C79B9E83FFB79B5408C9721930D5B
game/ASSETS_ROUTES_V105B/pave_end.png;36617;A35CB784223D69F65947E215CB9DA41A81FD3A432E1673A3EAB06B9E5C52906A
game/ASSETS_ROUTES_V105B/pave_h.png;42070;66372F553F038CC480596F3E713E6152CEC6881E43959FEB1D3F26DE28C3359F
game/ASSETS_ROUTES_V105B/pave_t.png;37989;4D2B8B25B2354CB643B3F27D9087B55B231D19CB904EFB84E68C121716D7D07E
game/ASSETS_ROUTES_V105B/pave_v.png;39411;9F02303F2427E232769D6D270DDAE318FC29EB8E301FAB58F59488F3654E2AD2
game/ASSETS_ROUTES_V105D/dirt_corner.png;73867;9CF3EDA7676A656B8F21E5F378BDF6C96EDBD4764A9C4001698A5DFCE67C7477
game/ASSETS_ROUTES_V105D/dirt_cross.png;97035;1F14B383B45E484FB63F2E1265518EB1B5225A709CAFF4A8223C80FA5D8AB772
game/ASSETS_ROUTES_V105D/dirt_end.png;71580;A72478673F2BF3E49F8AACDF6402EAF1BC34F6F9B062C809D8480980F3AE8F2E
game/ASSETS_ROUTES_V105D/dirt_h.png;75881;915D832C16C0858223CEEFE3C2A59C34A24F15DEB87D1501DEC4D306C9531619
game/ASSETS_ROUTES_V105D/dirt_t.png;88381;99074F86DCE4413658A0284F5CB00B004435CE94B673FF0036C111B949904C13
game/ASSETS_ROUTES_V105D/dirt_v.png;79429;EEBCFD264601EB87A1E6A888241115BDF87D1F9CCA5363F901713DB637E192B8
game/ASSETS_ROUTES_V105D/pave_corner.png;89754;D9E3C6B2F9A593CED80D982B5983528775E6194EEC5A50DA30E46F59B68EF566
game/ASSETS_ROUTES_V105D/pave_cross.png;95985;9903E66193563FC0F0B674EFF3CFB1D289FB03B0938D534F1D20532243262CE9
game/ASSETS_ROUTES_V105D/pave_end.png;72369;1CC4BC0926977F6980A158DE7A042EAE592190782FF37E52D049832FBDA9DDDB
game/ASSETS_ROUTES_V105D/pave_h.png;74376;BD793C49CDDE94520D4ADCA72D0B4F8623FE89ABC872F1AA419FAD3AB247F22A
game/ASSETS_ROUTES_V105D/pave_t.png;86281;8559287BDF28517FEA879E49CA016E26249E75B02DFAC68AE0D9DBF824722183
game/ASSETS_ROUTES_V105D/pave_v.png;76534;3FBBE91C9A9C21382BCE927A50BAEC469BFEA47914A558FF084838853600C71F
game/CONCEPT_DIVERSITE_PNJ_V102B.png;2658251;6700BA43A775BEB5A7E076B116B8D14972A7FDEA05EB9F8E0AC790F5EFA1D790
game/CREATEUR.html;1396577;C78FD5B8BA1AE9AF91145E34A91A9A5520B5C87E9976449072925FC548277085
game/hero_down_idle_v102c.png;92254;0D5D921C26465BE9C7D0C37A05FED5744BF14028D51BDE37B706FB9DF17A90E4
game/hero_down_idle_v102d.png;92254;0D5D921C26465BE9C7D0C37A05FED5744BF14028D51BDE37B706FB9DF17A90E4
game/hero_down_idle_v102e.png;92254;0D5D921C26465BE9C7D0C37A05FED5744BF14028D51BDE37B706FB9DF17A90E4
game/hero_down_walk_v102c.png;88376;724080A5236620D6083428EFA4759897C3A73E601AA5FC771D4EA1AEB777C2F9
game/hero_down_walk_v102d.png;88376;724080A5236620D6083428EFA4759897C3A73E601AA5FC771D4EA1AEB777C2F9
game/hero_down_walk_v102e.png;88376;724080A5236620D6083428EFA4759897C3A73E601AA5FC771D4EA1AEB777C2F9
game/hero_left_idle_v102c.png;77544;45B48B6013A589371F9D936E5600A65147ECC79436CEB70158E53BF1B158EF8C
game/hero_left_idle_v102d.png;77544;45B48B6013A589371F9D936E5600A65147ECC79436CEB70158E53BF1B158EF8C
game/hero_left_idle_v102e.png;77544;45B48B6013A589371F9D936E5600A65147ECC79436CEB70158E53BF1B158EF8C
game/hero_left_walk_v102c.png;88518;1F05903D55AC67401735CA02B8BA1AF85013BEE983228D9974F456BB8D3DE18D
game/hero_left_walk_v102d.png;88518;1F05903D55AC67401735CA02B8BA1AF85013BEE983228D9974F456BB8D3DE18D
game/hero_left_walk_v102e.png;88518;1F05903D55AC67401735CA02B8BA1AF85013BEE983228D9974F456BB8D3DE18D
game/hero_right_idle_v102c.png;79159;C5301DF15BF0F333310271487ADCCCCC1CC58ABB22E77C05D0699817C66B69BA
game/hero_right_idle_v102d.png;79159;C5301DF15BF0F333310271487ADCCCCC1CC58ABB22E77C05D0699817C66B69BA
game/hero_right_idle_v102e.png;79159;C5301DF15BF0F333310271487ADCCCCC1CC58ABB22E77C05D0699817C66B69BA
game/hero_right_walk_v102c.png;90615;0039B1616FA22F4A241D9C748EED94935A5077B0671624718E1C9A330B74AE4F
game/hero_right_walk_v102d.png;90615;0039B1616FA22F4A241D9C748EED94935A5077B0671624718E1C9A330B74AE4F
game/hero_right_walk_v102e.png;90615;0039B1616FA22F4A241D9C748EED94935A5077B0671624718E1C9A330B74AE4F
game/hero_up_idle_v102c.png;87564;9AD0F32E1419306DE7D5D347333AB2A48EE8BE7F5D76907403601BDCF4797607
game/hero_up_idle_v102d.png;87564;9AD0F32E1419306DE7D5D347333AB2A48EE8BE7F5D76907403601BDCF4797607
game/hero_up_idle_v102e.png;87564;9AD0F32E1419306DE7D5D347333AB2A48EE8BE7F5D76907403601BDCF4797607
game/hero_up_walk_v102c.png;81464;027B5F34D1C0FBD616B12BA6EF06110965272E070DAC023D77DFFD25DE208EAC
game/hero_up_walk_v102d.png;81464;027B5F34D1C0FBD616B12BA6EF06110965272E070DAC023D77DFFD25DE208EAC
game/hero_up_walk_v102e.png;81464;027B5F34D1C0FBD616B12BA6EF06110965272E070DAC023D77DFFD25DE208EAC
game/index.html;1397097;763FAEBCCE66A7762D0F20A25CA825E5809582260B34C8876589B0B4AFBC919C
game/INDEX_PNJ_EXACTS_V102L.txt;747;3A6E0D24C73D328B6BBF92A483773A065F20E5FDEC4FBB22B63078FEB6ED2B67
game/INDEX_PNJ_V102K.txt;764;B8699125876B93066706A2FAE5100B645EE4A31233225ABF6C9833B73F36CEE9
game/LANCER_JEU.bat;43;D0F8F02A17B9965BA067A806CFAE57FC2130024A3DCF4DC97AF74716E52AB07F
game/LANCER_MODE_CREATEUR.bat;45;FCFA67DFDC9840D34E50CA9038D4AFB47387AA960511076727AE611D4C07D760
game/LIVRET_SECRET_VALDORA.pdf;23055;5E69B705D777305FE96529FF580CDDEBDEC781E65C1A7CDCCA22AAF85DFAEC83
game/manifest.webmanifest;722;76A0E2B53E48BB6FA3813924100036A90D982FD6F485ED551F830F53F676D701
game/MAPPING_NOMS_ECLATS_V107K.txt;6673;5BCBC4CF4372E9BC809E87862FAB6F2A8DE294343BB0A485573243A05C89D313
game/MOBILIER_REFERENCE_VALDORA.json;44850;F5C6029429B570F02B0AFCDD4404F47C88D4B3B7BAA355050D24BE63CAF6DF99
game/MOBILIER_REFERENCE_VALDORA_V105X.js;310440;697187C1CCABD5D06B865C9C902F9EC6BAE5A8F30E69DF47AC96189FBFA19609
game/MOBILIER_REFERENCE_VALDORA_V105X.json;521088;794F5108BE0DF57E673F9BC8D0AD1A4BB90401CB11DD0BB0DF6BE990E8828E34
game/npc_adolescent_down_v102d.png;20070;95F005A3E262A2997307B5544FFFD47214A9044EA4C2B81B074AD9ADBCD8DC3B
game/npc_adolescent_down_v102e.png;20070;95F005A3E262A2997307B5544FFFD47214A9044EA4C2B81B074AD9ADBCD8DC3B
game/npc_adolescent_down_v102k.png;39436;18A7F9DBD76E8C5C4641713995472AABD74D2D663AE6A6FD9E0EAAD4D79C3899
game/npc_adolescent_down_v102l.png;38191;84693BF4FD9286722FA27EDF8151AAF9936EAB865138C7B7587310E446E0D3A9
game/npc_adolescent_left_v102d.png;20070;95F005A3E262A2997307B5544FFFD47214A9044EA4C2B81B074AD9ADBCD8DC3B
game/npc_adolescent_left_v102e.png;20070;95F005A3E262A2997307B5544FFFD47214A9044EA4C2B81B074AD9ADBCD8DC3B
game/npc_adolescent_left_v102k.png;35190;F0311B698610B228925A14AB89D46AFA45F33C235804C6D54D3E7226BD8F17BB
game/npc_adolescent_left_v102l.png;34041;CD6EFB1D47CCF1E2E5CED25D4209326735D8A2EF6EFCADD8D365410FA4BB6F29
game/npc_adolescent_right_v102d.png;20070;95F005A3E262A2997307B5544FFFD47214A9044EA4C2B81B074AD9ADBCD8DC3B
game/npc_adolescent_right_v102e.png;20070;95F005A3E262A2997307B5544FFFD47214A9044EA4C2B81B074AD9ADBCD8DC3B
game/npc_adolescent_right_v102k.png;35321;FB6C12DFF5571BAEB0B6296A1C40AE405D0FD5FBB27923CEAC41A175A0ADB10C
game/npc_adolescent_right_v102l.png;33941;6A3F098FB36877CAA69DF6D06A2E6096F12DA9BE42F863183D8D8909DD6BA973
game/npc_adolescent_up_v102d.png;20070;95F005A3E262A2997307B5544FFFD47214A9044EA4C2B81B074AD9ADBCD8DC3B
game/npc_adolescent_up_v102e.png;20070;95F005A3E262A2997307B5544FFFD47214A9044EA4C2B81B074AD9ADBCD8DC3B
game/npc_adolescent_up_v102k.png;34745;F62F7E2224785163D834CED402C11F4CA549B622D1EBE4E826897D0D4A279D65
game/npc_adolescent_up_v102l.png;33468;B7B0BD554F607114D97E7E31AF2D1D0BD4D4A7631E1D77498C2D1278BF108710
game/npc_agent_gare_down_v102d.png;18355;7F7DA8D1AAC3DF2F92E5A95192769EDADAB127093AD2C30C3027DCA113FA028B
game/npc_agent_gare_down_v102e.png;18355;7F7DA8D1AAC3DF2F92E5A95192769EDADAB127093AD2C30C3027DCA113FA028B
game/npc_agent_gare_down_v102k.png;42147;F00D073E838EDB169B97EC8D31A8FD58CD5AAB2D6E0C705D15F1967838EFF269
game/npc_agent_gare_down_v102l.png;41163;4F94A8BC26D55075844B91A73375BFCF51471D5511720800EB81AB12C9B61A88
game/npc_agent_gare_left_v102d.png;18355;7F7DA8D1AAC3DF2F92E5A95192769EDADAB127093AD2C30C3027DCA113FA028B
game/npc_agent_gare_left_v102e.png;18355;7F7DA8D1AAC3DF2F92E5A95192769EDADAB127093AD2C30C3027DCA113FA028B
game/npc_agent_gare_left_v102k.png;33936;293186D621DD0ABFD59941016846B6D02A55442C2D100420B5075351FF7209E5
game/npc_agent_gare_left_v102l.png;32813;DBE188E424419ECACE98C01E0845C4FEA58AB8A5925DF2487F4CEF4586103002
game/npc_agent_gare_right_v102d.png;18355;7F7DA8D1AAC3DF2F92E5A95192769EDADAB127093AD2C30C3027DCA113FA028B
game/npc_agent_gare_right_v102e.png;18355;7F7DA8D1AAC3DF2F92E5A95192769EDADAB127093AD2C30C3027DCA113FA028B
game/npc_agent_gare_right_v102k.png;35549;1DF84A513D1CE42F754104F0B03D5A13CCC6B65D0597A5F86B4738C9D283CB19
game/npc_agent_gare_right_v102l.png;34088;1C97511BD416D3E9EFD62A0862B9F174078D2CFB6997A2989AEB84E3F6717BC0
game/npc_agent_gare_up_v102d.png;18355;7F7DA8D1AAC3DF2F92E5A95192769EDADAB127093AD2C30C3027DCA113FA028B
game/npc_agent_gare_up_v102e.png;18355;7F7DA8D1AAC3DF2F92E5A95192769EDADAB127093AD2C30C3027DCA113FA028B
game/npc_agent_gare_up_v102k.png;32407;239E70B3395D18CBE76CA14F45D851249AA3B0AB08CF6626DBF7E1CFB6E04CB7
game/npc_agent_gare_up_v102l.png;30851;8B525F9231C78791DCEE3C5E6B6FC352F7FA826699AD7BB29D12BD60944E1869
game/npc_artiste_down_v102d.png;21149;0B772A21030B8E62AF3E5532911ADFE8E5376BD8009EA3D0491A0E7B374ED3AD
game/npc_artiste_down_v102e.png;21149;0B772A21030B8E62AF3E5532911ADFE8E5376BD8009EA3D0491A0E7B374ED3AD
game/npc_artiste_down_v102k.png;40970;3311244AC1271380C0FB3BB1A438DDCC480C5A380788FD99665CA2E41B3557DD
game/npc_artiste_down_v102l.png;39810;BEA158A29C9DD2779AA456FF4FB80F2F7EE3AA716EFFA8F71B8A7727CC2EB7AB
game/npc_artiste_left_v102d.png;21149;0B772A21030B8E62AF3E5532911ADFE8E5376BD8009EA3D0491A0E7B374ED3AD
game/npc_artiste_left_v102e.png;21149;0B772A21030B8E62AF3E5532911ADFE8E5376BD8009EA3D0491A0E7B374ED3AD
game/npc_artiste_left_v102k.png;31244;59AF4D2E2175B64B42142CA7962C733177CDE81BB7BB66B7F6EC2E3078449D9C
game/npc_artiste_left_v102l.png;29795;C4F79C97855B72C7694EA13C2AACD41B7322784A7A0BC878B9FEB30DB43E9683
game/npc_artiste_right_v102d.png;21149;0B772A21030B8E62AF3E5532911ADFE8E5376BD8009EA3D0491A0E7B374ED3AD
game/npc_artiste_right_v102e.png;21149;0B772A21030B8E62AF3E5532911ADFE8E5376BD8009EA3D0491A0E7B374ED3AD
game/npc_artiste_right_v102k.png;33158;A09AB3C7ECC316726FE70CDBA1D9C5FD82F706E67114FD7B536EDF686F1C62BA
game/npc_artiste_right_v102l.png;32067;441334996238626F63341BF8E316F89E5735B79FFA03A1532D42837704300FC8
game/npc_artiste_up_v102d.png;21149;0B772A21030B8E62AF3E5532911ADFE8E5376BD8009EA3D0491A0E7B374ED3AD
game/npc_artiste_up_v102e.png;21149;0B772A21030B8E62AF3E5532911ADFE8E5376BD8009EA3D0491A0E7B374ED3AD
game/npc_artiste_up_v102k.png;30021;0CBBD8A8187A21EE805F82088A320574901C1A2ED149E977EF3E54BF7C7DB478
game/npc_artiste_up_v102l.png;29236;159A1C68024241774F4AE73FF44A1B3F095DBB8AD37D6BE956BEBF885F359A91
game/npc_client_down_v102d.png;17568;2DCB55AA51CFED16E3AE58F35EBD4DB8749C83D6DC7A7FCCE73DEB85C6425C70
game/npc_client_down_v102e.png;17568;2DCB55AA51CFED16E3AE58F35EBD4DB8749C83D6DC7A7FCCE73DEB85C6425C70
game/npc_client_down_v102k.png;36356;4BCCD7AD25F9725B53926490B7208E4A32EB5534A0F988587928DA0537597561
game/npc_client_down_v102l.png;35132;207B962894331519BE8409A9D4A63478C5960BF83A4BE22EE8403BD4C5D5CFDD
game/npc_client_left_v102d.png;17568;2DCB55AA51CFED16E3AE58F35EBD4DB8749C83D6DC7A7FCCE73DEB85C6425C70
game/npc_client_left_v102e.png;17568;2DCB55AA51CFED16E3AE58F35EBD4DB8749C83D6DC7A7FCCE73DEB85C6425C70
game/npc_client_left_v102k.png;28753;C0569DB1CFDE65530B0A37345593081BCA32C70946102C0B29D8ABBE68CD60BF
game/npc_client_left_v102l.png;27747;32753A765F69F2A0B83CA0F1B20E88CCAA1B2AF1746380693AF511216289DC1E
game/npc_client_right_v102d.png;17568;2DCB55AA51CFED16E3AE58F35EBD4DB8749C83D6DC7A7FCCE73DEB85C6425C70
game/npc_client_right_v102e.png;17568;2DCB55AA51CFED16E3AE58F35EBD4DB8749C83D6DC7A7FCCE73DEB85C6425C70
game/npc_client_right_v102k.png;29386;D18F0BB90A7708F3F74A2929B13496A8D0CA8048BC63BA69F8FE6F9AF01C7BA9
game/npc_client_right_v102l.png;27849;B4D698D1A29E50A43C1584FC79D61A8CBB0A58DAE350FE2E239B0F8BDDC9A2E4
game/npc_client_up_v102d.png;17568;2DCB55AA51CFED16E3AE58F35EBD4DB8749C83D6DC7A7FCCE73DEB85C6425C70
game/npc_client_up_v102e.png;17568;2DCB55AA51CFED16E3AE58F35EBD4DB8749C83D6DC7A7FCCE73DEB85C6425C70
game/npc_client_up_v102k.png;29013;E972C9587F61C4A85A1A68BF05B56D5152CB7F6EA53B98635161F96DA14EB3DA
game/npc_client_up_v102l.png;27700;E8F220AE49F4FA43343CF28392B93FC67E6976F7F82A194F8F5870B6BD7F8331
game/npc_clown_down_v102d.png;19746;380E1D808D9579A81231C5BDF99FA1B2F440909E72E3B83FFCFD5F8EB535A7A8
game/npc_clown_down_v102e.png;19746;380E1D808D9579A81231C5BDF99FA1B2F440909E72E3B83FFCFD5F8EB535A7A8
game/npc_clown_down_v102k.png;42578;8003E589E7A074BAAE4C738B7FCA91CC316C3FA2A73531AB801FB6CBCD40B2B7
game/npc_clown_down_v102l.png;41259;587BFD6312ABEA37783FCE6A5FCED3B80285081A285659741BE19E815FFBF124
game/npc_clown_left_v102d.png;19746;380E1D808D9579A81231C5BDF99FA1B2F440909E72E3B83FFCFD5F8EB535A7A8
game/npc_clown_left_v102e.png;19746;380E1D808D9579A81231C5BDF99FA1B2F440909E72E3B83FFCFD5F8EB535A7A8
game/npc_clown_left_v102k.png;35872;490C73A847B2A571DF39C3F282B3F71BA151CE1B307C7BD47B23DF07D6A3CB55
game/npc_clown_left_v102l.png;34823;053A025DEABD14B00CDA9452AE3AD2BC4991E7B0CF6991E97CECB1BCFB7B819C
game/npc_clown_right_v102d.png;19746;380E1D808D9579A81231C5BDF99FA1B2F440909E72E3B83FFCFD5F8EB535A7A8
game/npc_clown_right_v102e.png;19746;380E1D808D9579A81231C5BDF99FA1B2F440909E72E3B83FFCFD5F8EB535A7A8
game/npc_clown_right_v102k.png;36321;25CEA0341B6F199A4B6CDDA6F0C1B59A8084A5561C3941AEE66E01E4BC1D41EC
game/npc_clown_right_v102l.png;34946;668BE430A979C69B181CD477D3A9DBD5915AE07BC10C6325BC56ABC94360FF89
game/npc_clown_up_v102d.png;19746;380E1D808D9579A81231C5BDF99FA1B2F440909E72E3B83FFCFD5F8EB535A7A8
game/npc_clown_up_v102e.png;19746;380E1D808D9579A81231C5BDF99FA1B2F440909E72E3B83FFCFD5F8EB535A7A8
game/npc_clown_up_v102k.png;37077;D32CEF7CC50B01DF838A62B06E8396EF0463E466F7267B68D77EEB105C119745
game/npc_clown_up_v102l.png;35390;19DA1ABB8C7037A4A5E4049C289945635D21DDF4CAF1398092C3E6B3BEF93B53
game/npc_cuisinier_down_v102d.png;17957;0489DB94D34411FC4D8AD7E6946E0983587C75A63F55082AE1CA20AAD600C154
game/npc_cuisinier_down_v102e.png;17957;0489DB94D34411FC4D8AD7E6946E0983587C75A63F55082AE1CA20AAD600C154
game/npc_cuisinier_down_v102k.png;38689;ECEFC007D79988F505715EF800DCD23FF100BDD420CDFB4A14CFCCB1DCE87778
game/npc_cuisinier_down_v102l.png;37471;82DF39FAE0D038243B0C42435715AFFBCAFD599B900C7115782F7D56BAEC9BA9
game/npc_cuisinier_left_v102d.png;17957;0489DB94D34411FC4D8AD7E6946E0983587C75A63F55082AE1CA20AAD600C154
game/npc_cuisinier_left_v102e.png;17957;0489DB94D34411FC4D8AD7E6946E0983587C75A63F55082AE1CA20AAD600C154
game/npc_cuisinier_left_v102k.png;31608;34CEC808BC1B424359D7B11F3A81C5375DD6F084A84317D65B8384A75AF6BF04
game/npc_cuisinier_left_v102l.png;30283;40D9E55D97299B12D63EB1983C82E4A011EB9FEF09C6049C27CAAE189D3C3A76
game/npc_cuisinier_right_v102d.png;17957;0489DB94D34411FC4D8AD7E6946E0983587C75A63F55082AE1CA20AAD600C154
game/npc_cuisinier_right_v102e.png;17957;0489DB94D34411FC4D8AD7E6946E0983587C75A63F55082AE1CA20AAD600C154
game/npc_cuisinier_right_v102k.png;32306;187921DEB8BBA558A376DE244EAE7819D88B178D45658F745F7F3E852FF1DD6B
game/npc_cuisinier_right_v102l.png;31047;38471ADEC4D3B2081D4E8B872BFA7D5ABBD4A31AB99F3E8556200BECD097D43F
game/npc_cuisinier_up_v102d.png;17957;0489DB94D34411FC4D8AD7E6946E0983587C75A63F55082AE1CA20AAD600C154
game/npc_cuisinier_up_v102e.png;17957;0489DB94D34411FC4D8AD7E6946E0983587C75A63F55082AE1CA20AAD600C154
game/npc_cuisinier_up_v102k.png;31545;F26DB95D07A7D8F80C394A74CB6A1F664E71DE4F0C18DEB3D294F4226DBEF017
game/npc_cuisinier_up_v102l.png;30203;EEF6C7F22537CD2E4CA72EB7494916E7FBA933D3054D8A2AEAF6A160F0E3CB1C
game/npc_dresseur_down_v102d.png;92254;0D5D921C26465BE9C7D0C37A05FED5744BF14028D51BDE37B706FB9DF17A90E4
game/npc_dresseur_down_v102e.png;92254;0D5D921C26465BE9C7D0C37A05FED5744BF14028D51BDE37B706FB9DF17A90E4
game/npc_dresseur_down_v102k.png;41940;34F9F640E3B200E24D2E3DB29DCCAFBA33AF08E6AB74AF7025934829EB8A3CB7
game/npc_dresseur_down_v102l.png;40861;3BAA771B9B5073EA7EE0D95159A4765B7435955DC80EFD55A47EDC5F372841F4
game/npc_dresseur_left_v102d.png;77544;45B48B6013A589371F9D936E5600A65147ECC79436CEB70158E53BF1B158EF8C
game/npc_dresseur_left_v102e.png;77544;45B48B6013A589371F9D936E5600A65147ECC79436CEB70158E53BF1B158EF8C
game/npc_dresseur_left_v102k.png;36027;31DB132CA2918836F623F6E2603E5C70264C688BA869DBCB24706C96358305FD
game/npc_dresseur_left_v102l.png;35058;44AF3FAAF6A795FA615686C20FE364BC3B2A9234FAD4AE391C568C12A8D1B715
game/npc_dresseur_right_v102d.png;79159;C5301DF15BF0F333310271487ADCCCCC1CC58ABB22E77C05D0699817C66B69BA
game/npc_dresseur_right_v102e.png;79159;C5301DF15BF0F333310271487ADCCCCC1CC58ABB22E77C05D0699817C66B69BA
game/npc_dresseur_right_v102k.png;37616;535287BF9E307AD503E36C304B3331BAA389A022D0ADD247C2D5C8393228F4DC
game/npc_dresseur_right_v102l.png;36823;0CBEB69D4A19D5DC7FFE65393A6A91D8AE9A006311779C39337F5041996D9DC4
game/npc_dresseur_up_v102d.png;87564;9AD0F32E1419306DE7D5D347333AB2A48EE8BE7F5D76907403601BDCF4797607
game/npc_dresseur_up_v102e.png;87564;9AD0F32E1419306DE7D5D347333AB2A48EE8BE7F5D76907403601BDCF4797607
game/npc_dresseur_up_v102k.png;33956;E84752B9CFFBD4A2E35415891BEBE8988C87E6D555E8258EB34CD586B7705544
game/npc_dresseur_up_v102l.png;32405;1A3D26F52C2BE29DB73D7A903EC0D71E41E669F3E6C502E59B5DB813A9995F7C
game/npc_femme_aventuriere_down_v102d.png;19004;293ED849798AF5A0FE5BB559E19718E45A3A6A0D39EEC4FD4BDE261431468985
game/npc_femme_aventuriere_down_v102e.png;19004;293ED849798AF5A0FE5BB559E19718E45A3A6A0D39EEC4FD4BDE261431468985
game/npc_femme_aventuriere_down_v102k.png;30214;C1D96678B24A5429B7DF3E2909B1D4ACA0E8884779F1E63FDBBDB9E546B5A4A9
game/npc_femme_aventuriere_down_v102l.png;29619;3D82B62CCA77953D84B1F51A3FB05EACB6541156B5DE043C553D9BDD116FDF13
game/npc_femme_aventuriere_left_v102d.png;19004;293ED849798AF5A0FE5BB559E19718E45A3A6A0D39EEC4FD4BDE261431468985
game/npc_femme_aventuriere_left_v102e.png;19004;293ED849798AF5A0FE5BB559E19718E45A3A6A0D39EEC4FD4BDE261431468985
game/npc_femme_aventuriere_left_v102k.png;25345;2C31605AC325DF4E7BF2A0B3E89B281CE22EC25069CCE1EFCB78CE62EB471696
game/npc_femme_aventuriere_left_v102l.png;25276;30CFFC50B6FDA54A6A985C47B9763E6664A006AD1A79618CB5091E944B066DBC
game/npc_femme_aventuriere_right_v102d.png;19004;293ED849798AF5A0FE5BB559E19718E45A3A6A0D39EEC4FD4BDE261431468985
game/npc_femme_aventuriere_right_v102e.png;19004;293ED849798AF5A0FE5BB559E19718E45A3A6A0D39EEC4FD4BDE261431468985
game/npc_femme_aventuriere_right_v102k.png;25695;E7307E2530E3A6895FEB92E6092DD635307ED96D0A9E9D58C270D636CF1A41EB
game/npc_femme_aventuriere_right_v102l.png;25621;CE3FB0EED3C9F15B591E112020FABB6A6E2C0AC2CA97578806D2038B4C723981
game/npc_femme_aventuriere_up_v102d.png;19004;293ED849798AF5A0FE5BB559E19718E45A3A6A0D39EEC4FD4BDE261431468985
game/npc_femme_aventuriere_up_v102e.png;19004;293ED849798AF5A0FE5BB559E19718E45A3A6A0D39EEC4FD4BDE261431468985
game/npc_femme_aventuriere_up_v102k.png;24696;CA558EAC1300543CFAC8A7D6AB5B2984C95B92E9FB25B9AA9D8947AE14F4C44F
game/npc_femme_aventuriere_up_v102l.png;24121;501227C93E4A08E93039DA44EA2966D1B2AE60D535C013F3BF53E538B6A99849
game/npc_femme_blonde_down_v102d.png;15936;22F6D3AE785CC5633DFEC44C6F40B04D62801BD84998C503A8B4DD0FDACD850E
game/npc_femme_blonde_down_v102e.png;15936;22F6D3AE785CC5633DFEC44C6F40B04D62801BD84998C503A8B4DD0FDACD850E
game/npc_femme_blonde_down_v102k.png;28667;5E55A15D723A8B52E2AA1F10A174B4CD909F8B22303EFA19A395742163C85C86
game/npc_femme_blonde_down_v102l.png;28666;6F5C891CA7CD1284DC80EE224CB6C23688E125D8187F78E922B10DA3C02EA729
game/npc_femme_blonde_left_v102d.png;15936;22F6D3AE785CC5633DFEC44C6F40B04D62801BD84998C503A8B4DD0FDACD850E
game/npc_femme_blonde_left_v102e.png;15936;22F6D3AE785CC5633DFEC44C6F40B04D62801BD84998C503A8B4DD0FDACD850E
game/npc_femme_blonde_left_v102k.png;23636;7731FAFF4B809F23A7FBA557E4D76A087BA85AD2DE984DFB34092A8A1B2F609C
game/npc_femme_blonde_left_v102l.png;23493;B09A62AFC94D01E3507FBA625BDDED73B67BECBFDC6D7BC40ACD9D587D9DF353
game/npc_femme_blonde_right_v102d.png;15936;22F6D3AE785CC5633DFEC44C6F40B04D62801BD84998C503A8B4DD0FDACD850E
game/npc_femme_blonde_right_v102e.png;15936;22F6D3AE785CC5633DFEC44C6F40B04D62801BD84998C503A8B4DD0FDACD850E
game/npc_femme_blonde_right_v102k.png;23919;79AB63CFE9099B0F27CF016C1E33C35D09583EC2A7208E647AE38BF0B7811623
game/npc_femme_blonde_right_v102l.png;23586;C4BCAF29E8060F01BDFAA9542B182CE4370CA88005E66FE836E952EED35C0F31
game/npc_femme_blonde_up_v102d.png;15936;22F6D3AE785CC5633DFEC44C6F40B04D62801BD84998C503A8B4DD0FDACD850E
game/npc_femme_blonde_up_v102e.png;15936;22F6D3AE785CC5633DFEC44C6F40B04D62801BD84998C503A8B4DD0FDACD850E
game/npc_femme_blonde_up_v102k.png;23569;F743581E805CAE49706AC143B2C986F4B570F50F9E2C4E407DEE780B8D9CF9F7
game/npc_femme_blonde_up_v102l.png;23300;4D8D98CE63E1905B1FA8D5AD2E98DBDD5E7F54229CEBBA86987FEF86B37720AF
game/npc_femme_brune_down_v102d.png;16268;C52164F040D03CC9181FC7B02BE974B5DF10E260DD17CF5EBE1803A72031F147
game/npc_femme_brune_down_v102e.png;16268;C52164F040D03CC9181FC7B02BE974B5DF10E260DD17CF5EBE1803A72031F147
game/npc_femme_brune_down_v102k.png;30659;94A29C34C891ACD7D063F718A1B35BDF2DA5FF0DA836599B38B83DE429E378A1
game/npc_femme_brune_down_v102l.png;31238;D2F5BB8316F5EE84376F627C04F46EBC5DD975FDE09308090602B288A58316B3
game/npc_femme_brune_left_v102d.png;16268;C52164F040D03CC9181FC7B02BE974B5DF10E260DD17CF5EBE1803A72031F147
game/npc_femme_brune_left_v102e.png;16268;C52164F040D03CC9181FC7B02BE974B5DF10E260DD17CF5EBE1803A72031F147
game/npc_femme_brune_left_v102k.png;23152;1C1635B6B0AC78C160D661A18EABF6D881399CDA23FFEB54A0B6B1DB50183069
game/npc_femme_brune_left_v102l.png;22849;D6BDF3DA888D37BC5845421472BAAD891EF081D83CD8E3DEE3004A30B161D1FF
game/npc_femme_brune_right_v102d.png;16268;C52164F040D03CC9181FC7B02BE974B5DF10E260DD17CF5EBE1803A72031F147
game/npc_femme_brune_right_v102e.png;16268;C52164F040D03CC9181FC7B02BE974B5DF10E260DD17CF5EBE1803A72031F147
game/npc_femme_brune_right_v102k.png;22899;9F55B5D0343D0C826CE5AC55EBE6277265F30AB44E610DC02BFF0773248EFF12
game/npc_femme_brune_right_v102l.png;22456;9F171B7FED9C4CADEE108B4245E8133D13220771960002CA76A588DBC5E6EB0E
game/npc_femme_brune_up_v102d.png;16268;C52164F040D03CC9181FC7B02BE974B5DF10E260DD17CF5EBE1803A72031F147
game/npc_femme_brune_up_v102e.png;16268;C52164F040D03CC9181FC7B02BE974B5DF10E260DD17CF5EBE1803A72031F147
game/npc_femme_brune_up_v102k.png;22426;396AF61FE1BE3B8831EF56C0E92628650D31C41A01D6598C2FB65AFCE6931BB6
game/npc_femme_brune_up_v102l.png;22033;EFD91635033E2D52DB168877AD9A8B61E8920A5BD2A37172D8BD177E7D6B935F
game/npc_femme_chatain_down_v102d.png;15506;D1DFCAF73799C69E95599883951F4459253C5A472B6DDB40C81717F986960C9A
game/npc_femme_chatain_down_v102e.png;15506;D1DFCAF73799C69E95599883951F4459253C5A472B6DDB40C81717F986960C9A
game/npc_femme_chatain_down_v102k.png;32145;CEEA5CD7522385E2EC59ABF42C2AE2186C4C98EEA825D617026ED8D2864C625B
game/npc_femme_chatain_down_v102l.png;32004;E02844BCBBF825E722FAD68DBAB6737D1AECF733B38A4A4C153E101C12756771
game/npc_femme_chatain_left_v102d.png;15506;D1DFCAF73799C69E95599883951F4459253C5A472B6DDB40C81717F986960C9A
game/npc_femme_chatain_left_v102e.png;15506;D1DFCAF73799C69E95599883951F4459253C5A472B6DDB40C81717F986960C9A
game/npc_femme_chatain_left_v102k.png;25049;22013405ED762F639C85C4C165DD3E3AD03BBC8D9A3788CF207AFBB0566FE5B4
game/npc_femme_chatain_left_v102l.png;24475;B09AB6D0762F06F992D46B8AA7151F1C338363D4ABEF66298BA2C558ABB6FD24
game/npc_femme_chatain_right_v102d.png;15506;D1DFCAF73799C69E95599883951F4459253C5A472B6DDB40C81717F986960C9A
game/npc_femme_chatain_right_v102e.png;15506;D1DFCAF73799C69E95599883951F4459253C5A472B6DDB40C81717F986960C9A
game/npc_femme_chatain_right_v102k.png;25300;29B42EBA8E0BD7BCDDE735B5D5F1ACF99339121C39941287C112F09805AC8603
game/npc_femme_chatain_right_v102l.png;24506;40368C2CC147FB1404D0957EECAE908576B9AE02AFE371833384B796FF745C4D
game/npc_femme_chatain_up_v102d.png;15506;D1DFCAF73799C69E95599883951F4459253C5A472B6DDB40C81717F986960C9A
game/npc_femme_chatain_up_v102e.png;15506;D1DFCAF73799C69E95599883951F4459253C5A472B6DDB40C81717F986960C9A
game/npc_femme_chatain_up_v102k.png;25429;6E0EA0B9776B26AAE0089E6ACCF25CBD563921922CDCB35C9F7E8205A1500E25
game/npc_femme_chatain_up_v102l.png;24601;D3F2943D8696DD6E8A5F3350BD7701FCB71ECFCD999DAF38CAB194727AA41AB8
game/npc_femme_ecoliere_down_v102d.png;19099;5C5F560C77F1FE5B2148E0DE6959578DDBE5769379A3CED6E00DA8F5BDBD5B70
game/npc_femme_ecoliere_down_v102e.png;19099;5C5F560C77F1FE5B2148E0DE6959578DDBE5769379A3CED6E00DA8F5BDBD5B70
game/npc_femme_ecoliere_down_v102k.png;29416;85902912E40BA112A3CFBDB991E39EE2D72D49A081D9CED716769BD6655B9480
game/npc_femme_ecoliere_down_v102l.png;28754;35E6D490395D9407CD791F05D28DD44956BEEF8EC93DDDBA28256E94F2063CC9
game/npc_femme_ecoliere_left_v102d.png;19099;5C5F560C77F1FE5B2148E0DE6959578DDBE5769379A3CED6E00DA8F5BDBD5B70
game/npc_femme_ecoliere_left_v102e.png;19099;5C5F560C77F1FE5B2148E0DE6959578DDBE5769379A3CED6E00DA8F5BDBD5B70
game/npc_femme_ecoliere_left_v102k.png;23813;4546F75E69FB5C03B21B9FD3C0E302E14DEEC204A425F884BF158E4FE0F0C315
game/npc_femme_ecoliere_left_v102l.png;23353;34B7C438E72FCBABB9FE53E72DCC586B826D3027C08A8D356389EBB8DD829FDC
game/npc_femme_ecoliere_right_v102d.png;19099;5C5F560C77F1FE5B2148E0DE6959578DDBE5769379A3CED6E00DA8F5BDBD5B70
game/npc_femme_ecoliere_right_v102e.png;19099;5C5F560C77F1FE5B2148E0DE6959578DDBE5769379A3CED6E00DA8F5BDBD5B70
game/npc_femme_ecoliere_right_v102k.png;23391;B1582ED8B79331B504A92A2117DFF3F5A8904089ECB306D5A9D7E2D3181760D8
game/npc_femme_ecoliere_right_v102l.png;22965;92E8E0F77D419F64D46005DBF2EE66F70A80B93A65669F83D21327C18A83C885
game/npc_femme_ecoliere_up_v102d.png;19099;5C5F560C77F1FE5B2148E0DE6959578DDBE5769379A3CED6E00DA8F5BDBD5B70
game/npc_femme_ecoliere_up_v102e.png;19099;5C5F560C77F1FE5B2148E0DE6959578DDBE5769379A3CED6E00DA8F5BDBD5B70
game/npc_femme_ecoliere_up_v102k.png;22435;76E959F9762AF84AC30BA0E76B82C554A4492AE5BCDF2EB4A448B56D4F541959
game/npc_femme_ecoliere_up_v102l.png;21730;48E55F6182E777FB9E0281D598BD20DB8860F985A6860F5354650A8544B8FE68
game/npc_femme_elegante_down_v102d.png;21193;5E606962ABC74045840223D2948386E6DC7B11E7925933946F1A902BFF0BAD8C
game/npc_femme_elegante_down_v102e.png;21193;5E606962ABC74045840223D2948386E6DC7B11E7925933946F1A902BFF0BAD8C
game/npc_femme_elegante_down_v102k.png;33350;8CE0219F805F2AC34DF41EA0DF6CE2F97523ECBC299074CA9A558465481E81BF
game/npc_femme_elegante_down_v102l.png;32439;A3D7BBD2807DE856C2003D4FFCC965F5A55D8AB38534CB1772F0915F63C77B75
game/npc_femme_elegante_left_v102d.png;21193;5E606962ABC74045840223D2948386E6DC7B11E7925933946F1A902BFF0BAD8C
game/npc_femme_elegante_left_v102e.png;21193;5E606962ABC74045840223D2948386E6DC7B11E7925933946F1A902BFF0BAD8C
game/npc_femme_elegante_left_v102k.png;27731;3BAC25873C4F1F0A3E232B02A4304EFD19998DFC2888003488F171A5E25465F3
game/npc_femme_elegante_left_v102l.png;26707;04C2CD5374A34048290701F67ADE187DABB9978F07C353469119C322DBA81329
game/npc_femme_elegante_right_v102d.png;21193;5E606962ABC74045840223D2948386E6DC7B11E7925933946F1A902BFF0BAD8C
game/npc_femme_elegante_right_v102e.png;21193;5E606962ABC74045840223D2948386E6DC7B11E7925933946F1A902BFF0BAD8C
game/npc_femme_elegante_right_v102k.png;28369;FBC2A5AC0E4AD0ADF8544BF8756F3F4062D6BFE1C54B2D90E0B89A5C0D0DE9F1
game/npc_femme_elegante_right_v102l.png;27365;7006B5E76BFAD1FC97F31FB4DFCC57A63A16676ED9E7592EA82B562B4A6095C7
game/npc_femme_elegante_up_v102d.png;21193;5E606962ABC74045840223D2948386E6DC7B11E7925933946F1A902BFF0BAD8C
game/npc_femme_elegante_up_v102e.png;21193;5E606962ABC74045840223D2948386E6DC7B11E7925933946F1A902BFF0BAD8C
game/npc_femme_elegante_up_v102k.png;27117;8A1EDFAB25106E4745938D1FCCBD74715525C62E183424A19C8E480745808670
game/npc_femme_elegante_up_v102l.png;26116;2F89388812E22025636F03D2670954B8A95374D5391DF6BB1CEB2BB88CD9CED8
game/npc_femme_noire_down_v102d.png;17508;D20CFCA7093DD69E4C8BA8F73C08E91139CD9FC13188D69FDC2696A9DC885CC1
game/npc_femme_noire_down_v102e.png;17508;D20CFCA7093DD69E4C8BA8F73C08E91139CD9FC13188D69FDC2696A9DC885CC1
game/npc_femme_noire_down_v102k.png;31607;6276FFBED36354BB996BEA6D162332713A2A474B71D7873F288FFC95D46F4637
game/npc_femme_noire_down_v102l.png;30909;85B312232650DE57D7E40EAFF8DBE5C2D3004C71F42655BA80F6A68B2524132E
game/npc_femme_noire_left_v102d.png;17508;D20CFCA7093DD69E4C8BA8F73C08E91139CD9FC13188D69FDC2696A9DC885CC1
game/npc_femme_noire_left_v102e.png;17508;D20CFCA7093DD69E4C8BA8F73C08E91139CD9FC13188D69FDC2696A9DC885CC1
game/npc_femme_noire_left_v102k.png;24318;379B43C81E75AB991434B98B7236BF2CBBA8ACBC90901B8B95F1594F9BE670CE
game/npc_femme_noire_left_v102l.png;23492;D22DC6986EB30B48D8A6D5189954DD80D500B2161C8FBFDF5B9F3CDE8C62CFB5
game/npc_femme_noire_right_v102d.png;17508;D20CFCA7093DD69E4C8BA8F73C08E91139CD9FC13188D69FDC2696A9DC885CC1
game/npc_femme_noire_right_v102e.png;17508;D20CFCA7093DD69E4C8BA8F73C08E91139CD9FC13188D69FDC2696A9DC885CC1
game/npc_femme_noire_right_v102k.png;23584;79A9093769D55B05745D6502D1C2982B456492962E6A692AACEF1A464E145DA2
game/npc_femme_noire_right_v102l.png;22823;454CC5CD4ECD552D137A044443E6877A76928EEC3058631EBE0E471A3290D038
game/npc_femme_noire_up_v102d.png;17508;D20CFCA7093DD69E4C8BA8F73C08E91139CD9FC13188D69FDC2696A9DC885CC1
game/npc_femme_noire_up_v102e.png;17508;D20CFCA7093DD69E4C8BA8F73C08E91139CD9FC13188D69FDC2696A9DC885CC1
game/npc_femme_noire_up_v102k.png;22932;945E490BDB614AC676E6FAD5B865BC5EAEE2680D5487AFBC8868D789C8882138
game/npc_femme_noire_up_v102l.png;22096;5B9FEF7A97737DF0D18E60022AE47997A41ED4653D226BA40D9E482B6F26646D
game/npc_femme_rousse_down_v102d.png;16811;A4BB30EDE55B09931E7C5728009D02E6992B8925C3E23D359EEFDA2F3DF3FD8B
game/npc_femme_rousse_down_v102e.png;16811;A4BB30EDE55B09931E7C5728009D02E6992B8925C3E23D359EEFDA2F3DF3FD8B
game/npc_femme_rousse_down_v102k.png;31308;07BFA5C736A397C6869BD4DF8B948437559593DA72E34B725996207302CFB609
game/npc_femme_rousse_down_v102l.png;30774;54250B3A173B5A4738F1E264D7EC236060832CF3140F6639531E5C796CE517A0
game/npc_femme_rousse_left_v102d.png;16811;A4BB30EDE55B09931E7C5728009D02E6992B8925C3E23D359EEFDA2F3DF3FD8B
game/npc_femme_rousse_left_v102e.png;16811;A4BB30EDE55B09931E7C5728009D02E6992B8925C3E23D359EEFDA2F3DF3FD8B
game/npc_femme_rousse_left_v102k.png;24967;4268CA200F6C7758F2907673B8CD09717492CD3DEBDD5479DE0D9B431BF60331
game/npc_femme_rousse_left_v102l.png;24561;D2FF6F4E14D5807B010BCBF713F0C5DB770FD0B8415E0509EC9CD6E76096BC82
game/npc_femme_rousse_right_v102d.png;16811;A4BB30EDE55B09931E7C5728009D02E6992B8925C3E23D359EEFDA2F3DF3FD8B
game/npc_femme_rousse_right_v102e.png;16811;A4BB30EDE55B09931E7C5728009D02E6992B8925C3E23D359EEFDA2F3DF3FD8B
game/npc_femme_rousse_right_v102k.png;24800;59F59B7F9AFD4F1FE72927027208323C9E558E849F33B7AF4362EB124FFD047B
game/npc_femme_rousse_right_v102l.png;24523;92DAC1F40C2DD4F6BA0BF49B2BCA0A1C9508C1FF5037C39AA5BE874483F32763
game/npc_femme_rousse_up_v102d.png;16811;A4BB30EDE55B09931E7C5728009D02E6992B8925C3E23D359EEFDA2F3DF3FD8B
game/npc_femme_rousse_up_v102e.png;16811;A4BB30EDE55B09931E7C5728009D02E6992B8925C3E23D359EEFDA2F3DF3FD8B
game/npc_femme_rousse_up_v102k.png;25762;4F12943A945E7ACD7E1D01879754BE9A2B86990377666F8CC595ADD4E84232EB
game/npc_femme_rousse_up_v102l.png;25424;2E4425DDB3B5235E4A3ED2B7CAD7399C78618A1AAC9448869614FE8D178D5C5F
game/npc_femme_sportive_down_v102d.png;17511;C882676D551B2340FD1A3D72D9287BF610FDDF1F31274D406160FBA918F886D4
game/npc_femme_sportive_down_v102e.png;17511;C882676D551B2340FD1A3D72D9287BF610FDDF1F31274D406160FBA918F886D4
game/npc_femme_sportive_down_v102k.png;30180;079BF26897EE2900AAC22403B217FB37C881D28B73D88A0E293B5C3CC6E482E8
game/npc_femme_sportive_down_v102l.png;29826;7E2B13F95D7063211E4B658825A1482C6FC343C4A5E98C2FC40BB629D982263D
game/npc_femme_sportive_left_v102d.png;17511;C882676D551B2340FD1A3D72D9287BF610FDDF1F31274D406160FBA918F886D4
game/npc_femme_sportive_left_v102e.png;17511;C882676D551B2340FD1A3D72D9287BF610FDDF1F31274D406160FBA918F886D4
game/npc_femme_sportive_left_v102k.png;24656;9B0462EA51F6B2F23D27EF67F87DC85893F6B46C9266DC637B47653B4BC4B71E
game/npc_femme_sportive_left_v102l.png;23997;FD501A710774E48B37EABF04D02CF305EC38E34FADA6B9CE582260866CC5D815
game/npc_femme_sportive_right_v102d.png;17511;C882676D551B2340FD1A3D72D9287BF610FDDF1F31274D406160FBA918F886D4
game/npc_femme_sportive_right_v102e.png;17511;C882676D551B2340FD1A3D72D9287BF610FDDF1F31274D406160FBA918F886D4
game/npc_femme_sportive_right_v102k.png;25199;9F8FB6815003381A7F1C119975CB7D89DCE65484AAA918622DE5FDE183BA5A18
game/npc_femme_sportive_right_v102l.png;25293;E437EE24FA457141B9B49E5999F2BE464364C5685D876846AC3BB3E367991E02
game/npc_femme_sportive_up_v102d.png;17511;C882676D551B2340FD1A3D72D9287BF610FDDF1F31274D406160FBA918F886D4
game/npc_femme_sportive_up_v102e.png;17511;C882676D551B2340FD1A3D72D9287BF610FDDF1F31274D406160FBA918F886D4
game/npc_femme_sportive_up_v102k.png;24699;C1256AD148CB4C1C6EE270CCBDCDC6276C8B82A249FC2CB2333BD1D1B8897DBD
game/npc_femme_sportive_up_v102l.png;23648;CEDBB03FB608F4A4B899731488DEC0D5F007A6FF513DF3539E16EB65B596A4FB
game/npc_femme_touriste_down_v102d.png;21152;6F404CA3ABCB3CD7271EC4B3F54DD5E0CB0BEAAFB335E1A1645BE85093CEF2EC
game/npc_femme_touriste_down_v102e.png;21152;6F404CA3ABCB3CD7271EC4B3F54DD5E0CB0BEAAFB335E1A1645BE85093CEF2EC
game/npc_femme_touriste_down_v102k.png;34296;60DBDAC47B79876D0A3298E12FDE923806F40C9E80C9481A64D79D3A07039DB7
game/npc_femme_touriste_down_v102l.png;34597;C0F7F8EB476D113B7076DA3A8214B6092DAEE595DCADC11A8FFAABD307D0535D
game/npc_femme_touriste_left_v102d.png;21152;6F404CA3ABCB3CD7271EC4B3F54DD5E0CB0BEAAFB335E1A1645BE85093CEF2EC
game/npc_femme_touriste_left_v102e.png;21152;6F404CA3ABCB3CD7271EC4B3F54DD5E0CB0BEAAFB335E1A1645BE85093CEF2EC
game/npc_femme_touriste_left_v102k.png;27004;A9EEACE1D98024C3D7ADE8D8191AB7BF7E6CA0EC6A5B5830EAB290772ADFCE08
game/npc_femme_touriste_left_v102l.png;26943;9B30C0F64AEE7BC4E67844401EA0C19A277B2726D1ACDFB6B61634AD6587177C
game/npc_femme_touriste_right_v102d.png;21152;6F404CA3ABCB3CD7271EC4B3F54DD5E0CB0BEAAFB335E1A1645BE85093CEF2EC
game/npc_femme_touriste_right_v102e.png;21152;6F404CA3ABCB3CD7271EC4B3F54DD5E0CB0BEAAFB335E1A1645BE85093CEF2EC
game/npc_femme_touriste_right_v102k.png;26650;6FBE68A26E57B0435F161A308E0CA6F4535D57DD0FE46C58D61008431F1F5B5F
game/npc_femme_touriste_right_v102l.png;26635;C60D1CAEFCFBAA17D92D08DC807DEC040E2572E70DB7EC7719F5F914F98A8ACF
game/npc_femme_touriste_up_v102d.png;21152;6F404CA3ABCB3CD7271EC4B3F54DD5E0CB0BEAAFB335E1A1645BE85093CEF2EC
game/npc_femme_touriste_up_v102e.png;21152;6F404CA3ABCB3CD7271EC4B3F54DD5E0CB0BEAAFB335E1A1645BE85093CEF2EC
game/npc_femme_touriste_up_v102k.png;27267;67349B2339AC5DFF208EB157884C8DAD9E50FD1CE7E8554BD86D50D5E3F92691
game/npc_femme_touriste_up_v102l.png;26767;C416A54F77F53CB6280FBD43AD99AB21A6BC01DE0A83C7303842F5681739DBBA
game/npc_fille_base_down_v102k.png;28302;26F9770C7079A753E08803C99B5BA5A75C3A16B4C045E94AEEA88BDE0F7AF1AD
game/npc_fille_base_down_v102l.png;27439;B4A9281FD807CFD88B05FB314876C3D7827BE819C2A35FA6EC0214FCEA1148B2
game/npc_fille_base_left_v102k.png;22491;B1A152AD99E2263E72996A48111A9C7DE49CAF20AAFB879F70AFD875BE683C24
game/npc_fille_base_left_v102l.png;21969;F18D6B62F3BAD4FBB5B621460FF7FAA0F3352517508BA7AC66A04B4B46E4E1F6
game/npc_fille_base_right_v102k.png;22576;4F0F8C2BA88A8FC2DB8BA3585EE9B618CAFE80C98FA1D55668B06FB41AFC8B9F
game/npc_fille_base_right_v102l.png;21891;CC8E51CC6225CA626E4585C13811F16AEEDF1F681A8EA3D0B6072553E40AB1BF
game/npc_fille_base_up_v102k.png;22369;B18278DDA5F53830FCAC73F9A2CEA4A556CA968BD2174767657DEA10EA809469
game/npc_fille_base_up_v102l.png;21587;0CE1570F0958882BEAB2A6D27A0BC1BBF08C46AC842232C2E1CB5046B2B04A66
game/npc_fille_kid_down_v102d.png;15109;95A54883C2F78E1F32716E7799646973E0C71FBFBC8F735C0853FCACBC67158D
game/npc_fille_kid_down_v102e.png;15109;95A54883C2F78E1F32716E7799646973E0C71FBFBC8F735C0853FCACBC67158D
game/npc_fille_kid_down_v102k.png;40100;E465D6A81888BC6B2F7EBF8DBD079A4213C8ABE6598C45852EEC9913C5DD15D2
game/npc_fille_kid_down_v102l.png;38925;00DD9B7F561808BCBB212BCCFE4B650223C2871DD82774DC2ED00145F237E817
game/npc_fille_kid_left_v102d.png;15109;95A54883C2F78E1F32716E7799646973E0C71FBFBC8F735C0853FCACBC67158D
game/npc_fille_kid_left_v102e.png;15109;95A54883C2F78E1F32716E7799646973E0C71FBFBC8F735C0853FCACBC67158D
game/npc_fille_kid_left_v102k.png;31098;BC82FC11A1883640612B3E6318FA7BFD179BDE10F7F732CFB7A490BA9A163A0F
game/npc_fille_kid_left_v102l.png;30201;5FA17B4C2EB01B276F8993A3A05AA2303B2BE8F59EE3DB8342F5FC0A999960E7
game/npc_fille_kid_right_v102d.png;15109;95A54883C2F78E1F32716E7799646973E0C71FBFBC8F735C0853FCACBC67158D
game/npc_fille_kid_right_v102e.png;15109;95A54883C2F78E1F32716E7799646973E0C71FBFBC8F735C0853FCACBC67158D
game/npc_fille_kid_right_v102k.png;29966;45801AC91B760CDA4D91B9EDF32DDBDC5EB149198989629BC004D3C46EA52E1C
game/npc_fille_kid_right_v102l.png;28999;CCA87561834FCF7FAFCB6CA2CC8EDD5E69293A10E3EFA8976C4F48824320F69C
game/npc_fille_kid_up_v102d.png;15109;95A54883C2F78E1F32716E7799646973E0C71FBFBC8F735C0853FCACBC67158D
game/npc_fille_kid_up_v102e.png;15109;95A54883C2F78E1F32716E7799646973E0C71FBFBC8F735C0853FCACBC67158D
game/npc_fille_kid_up_v102k.png;31965;22E135ABA4D10B548E7D31A192A4BD426874E999BB9DC33668525D337C44DFB8
game/npc_fille_kid_up_v102l.png;30269;4DAD05000DB48BFD6A6466768150A3510E8D9DB105860602E04355EA5229878D
game/npc_garcon_bleu_down_v102k.png;23462;2D0A756E6B4ACA0B947BE49E0796FDE3742BD6BC5417222867CAD36E7C0A3C03
game/npc_garcon_bleu_down_v102l.png;22282;387D72D2069984C2FC53702B876D23AFA23C7F1CCA3CB6043A0BC49F067D1A1C
game/npc_garcon_bleu_left_v102k.png;18494;5D61304299200F7766E3F7D4C63A4EE6CD1770946C14ED2DED167B872F7BDBA3
game/npc_garcon_bleu_left_v102l.png;17332;4C8123F11A46B9F3B4048DDB99FF15CE19443B50F90A325A98B267D2821006CF
game/npc_garcon_bleu_right_v102k.png;18212;9ADBE32F3C2A5E858202BD587C818FB815565E2E91A48939E3D0E50B8C6CEB2D
game/npc_garcon_bleu_right_v102l.png;17128;40DA09B363DC681E2F5425BD0F67BCE6F105A05B88532C290B3C2908BB968B56
game/npc_garcon_bleu_up_v102k.png;19458;B97EC9C6F2624649A0875D58196B35CB114D316A72877DC54B28397969C3FDEC
game/npc_garcon_bleu_up_v102l.png;18609;195EFB3668BF022EF6B66ACDDE89DBC69915C523B6B56385F5F3B826D93D22B7
game/npc_garcon_jaune_down_v102k.png;24812;142CA16E95F040B6FDBAC533F217B1DF82EAE05B43E7DFB9D5E986A370031DE4
game/npc_garcon_jaune_down_v102l.png;23430;A84E8BBCE31C9C79BB122A16AEA4729C06167833324644496CCDFD39A157B0E2
game/npc_garcon_jaune_left_v102k.png;20712;87EACB7D25635D982F8E43553CC2A30D635054314448D06F366A67ED3304E9B4
game/npc_garcon_jaune_left_v102l.png;19504;11F0EEFD210CEA941C906240A36BE457FCD66E2E8856CBD0DCB83AC1202ED8F1
game/npc_garcon_jaune_right_v102k.png;20545;3D2A020328831B98CDC74EBCB0035D739E4CF066523E0EF02358DD3051F3710F
game/npc_garcon_jaune_right_v102l.png;19494;F2F0BF9B3CCEC22C1BA5A89A2E2CFDE5D4DF9D77CF2E34ACA77E586A3E528AA7
game/npc_garcon_jaune_up_v102k.png;21255;257F45BAEC0F0D76C35B72344AACD7D53831386C9FED518FF6347100AF4EBCFB
game/npc_garcon_jaune_up_v102l.png;19818;B2171486C34600CCFBE5B21789D48C66D0DABDC375BB4B58964BAF5BF85A7B01
game/npc_homme_blond_down_v102d.png;16962;2CB640629FB380E1141783BD1AC6B1573565A5D4B2B092F53AE83792A8698BFB
game/npc_homme_blond_down_v102e.png;16962;2CB640629FB380E1141783BD1AC6B1573565A5D4B2B092F53AE83792A8698BFB
game/npc_homme_blond_down_v102k.png;44923;3FCC33BFC7AB7126929D5F06266AF3419900A30E4B06F3B15F62D362992B0C52
game/npc_homme_blond_down_v102l.png;43389;D2DF77AF541E863229F7B694ABDB4094C4C427D8C3AA04E7177070CCE8E9506B
game/npc_homme_blond_left_v102d.png;16962;2CB640629FB380E1141783BD1AC6B1573565A5D4B2B092F53AE83792A8698BFB
game/npc_homme_blond_left_v102e.png;16962;2CB640629FB380E1141783BD1AC6B1573565A5D4B2B092F53AE83792A8698BFB
game/npc_homme_blond_left_v102k.png;36951;D2598D7D4033E6AF6A7E8A66601C10618D58FC9F8A67AE9B27B3392D45AF76CF
game/npc_homme_blond_left_v102l.png;35780;58798DF20014C87900DCCA67FABE41E58EC013AC494CAE9E1DA0170E85171871
game/npc_homme_blond_right_v102d.png;16962;2CB640629FB380E1141783BD1AC6B1573565A5D4B2B092F53AE83792A8698BFB
game/npc_homme_blond_right_v102e.png;16962;2CB640629FB380E1141783BD1AC6B1573565A5D4B2B092F53AE83792A8698BFB
game/npc_homme_blond_right_v102k.png;37779;244715BA3A184B8D6EAE60161510B5501DC474031606DC7F65228BD003B3FE5B
game/npc_homme_blond_right_v102l.png;36593;E826971D9851460E207695977495717DD529E84F5513A01FE80AC7AE79433131
game/npc_homme_blond_up_v102d.png;16962;2CB640629FB380E1141783BD1AC6B1573565A5D4B2B092F53AE83792A8698BFB
game/npc_homme_blond_up_v102e.png;16962;2CB640629FB380E1141783BD1AC6B1573565A5D4B2B092F53AE83792A8698BFB
game/npc_homme_blond_up_v102k.png;37321;2DFD2D5103C745DF1BCE859491E0E4C61341F6FBD8A7D81179BB93BCEAAFA18F
game/npc_homme_blond_up_v102l.png;36047;03F2F29CEF2F75B356263AFEFE690E6A90FF9448CA35D0B020E9EAFE848D34C2
game/npc_homme_brun_down_v102d.png;16964;B20355EDAD913BD491738FC1D0FA168FC7580018EB87C3CF293B9F28825500DF
game/npc_homme_brun_down_v102e.png;16964;B20355EDAD913BD491738FC1D0FA168FC7580018EB87C3CF293B9F28825500DF
game/npc_homme_brun_down_v102k.png;43888;F13B90F42476D7CF0FD6A0C11D7200656E670FAF609A71535FA22F2DAC5BEE6A
game/npc_homme_brun_down_v102l.png;42520;B7D0CA601E2127BEF6AB0CC55F6B4BF60D2461DBD8103464AB0B9D60F145FBE3
game/npc_homme_brun_left_v102d.png;16964;B20355EDAD913BD491738FC1D0FA168FC7580018EB87C3CF293B9F28825500DF
game/npc_homme_brun_left_v102e.png;16964;B20355EDAD913BD491738FC1D0FA168FC7580018EB87C3CF293B9F28825500DF
game/npc_homme_brun_left_v102k.png;37228;007A177D96995E71C8DD22658E9D0F84900C25778CE4B23C5F830669AA49423A
game/npc_homme_brun_left_v102l.png;35867;03142851BE3DCA57971ECF395EE7549C66091A09CCC8135FEC6A109C1C2A58C8
game/npc_homme_brun_right_v102d.png;16964;B20355EDAD913BD491738FC1D0FA168FC7580018EB87C3CF293B9F28825500DF
game/npc_homme_brun_right_v102e.png;16964;B20355EDAD913BD491738FC1D0FA168FC7580018EB87C3CF293B9F28825500DF
game/npc_homme_brun_right_v102k.png;37339;F8E2B7E98E92F23F3DA457E431ABFDC45606D6E0B188DF626620C63875E89CB7
game/npc_homme_brun_right_v102l.png;36071;1E0928566AAFC7F0003F68FA415A896CCF01D19F9E9E54DFA9437B74678F6117
game/npc_homme_brun_up_v102d.png;16964;B20355EDAD913BD491738FC1D0FA168FC7580018EB87C3CF293B9F28825500DF
game/npc_homme_brun_up_v102e.png;16964;B20355EDAD913BD491738FC1D0FA168FC7580018EB87C3CF293B9F28825500DF
game/npc_homme_brun_up_v102k.png;36505;52C8FCAB6D56E52BCD92224314A7A1782D9A793FF06EF1C63A59E5104C25F6DD
game/npc_homme_brun_up_v102l.png;35372;2B55BC3CCDE593E3ACA865E93F1B7DC6E90C3E318C2D5826B1E261EF401038EC
game/npc_homme_employe_down_v102d.png;18364;4642000C446D171757C396CEA9ECFFA9C0F1AC690EE898ACFE6EBBB3DB8FE529
game/npc_homme_employe_down_v102e.png;18364;4642000C446D171757C396CEA9ECFFA9C0F1AC690EE898ACFE6EBBB3DB8FE529
game/npc_homme_employe_down_v102k.png;35528;FD584ECF6AC3ED282B525BAB2F5A08337FE1D517173A601C7C368A57926C9EEB
game/npc_homme_employe_down_v102l.png;34132;A5B3432BF06004075BF29D4773EDCC9862BBAD18FABD41DE6256DE54057D0CAC
game/npc_homme_employe_left_v102d.png;18364;4642000C446D171757C396CEA9ECFFA9C0F1AC690EE898ACFE6EBBB3DB8FE529
game/npc_homme_employe_left_v102e.png;18364;4642000C446D171757C396CEA9ECFFA9C0F1AC690EE898ACFE6EBBB3DB8FE529
game/npc_homme_employe_left_v102k.png;28911;E96A33B0CC0A4DCE0F6CCB29B497791762E637786742F194F6810D864BA3E69D
game/npc_homme_employe_left_v102l.png;27844;8EA87F37A0C619C4CABB24D70E88B828D46B70F2EBE4F2A80A80D3ECB9136DB3
game/npc_homme_employe_right_v102d.png;18364;4642000C446D171757C396CEA9ECFFA9C0F1AC690EE898ACFE6EBBB3DB8FE529
game/npc_homme_employe_right_v102e.png;18364;4642000C446D171757C396CEA9ECFFA9C0F1AC690EE898ACFE6EBBB3DB8FE529
game/npc_homme_employe_right_v102k.png;28547;1D19E51F76CAFA09B4031BC31D884B01CBC2ED552F4E58909F9E1D796770D0CC
game/npc_homme_employe_right_v102l.png;28020;37DA7ABFF6312CA4653A84DF74B2F0CA4C753F41D8D790501D18F2A597A2FDF0
game/npc_homme_employe_up_v102d.png;18364;4642000C446D171757C396CEA9ECFFA9C0F1AC690EE898ACFE6EBBB3DB8FE529
game/npc_homme_employe_up_v102e.png;18364;4642000C446D171757C396CEA9ECFFA9C0F1AC690EE898ACFE6EBBB3DB8FE529
game/npc_homme_employe_up_v102k.png;27124;9C779A5AA398135B1F1E2CBD5F1F7C7F36BF731064C0FF3FCC382462A1C31E5B
game/npc_homme_employe_up_v102l.png;25762;DCDBD0AA8EE9FC3729C21797962DC584DF50612A5717EF80AC5F362DB746EC63
game/npc_homme_marin_down_v102d.png;18919;002B746139D1E828D45422BBE437C97DEA357E92331CB15F866011D505942899
game/npc_homme_marin_down_v102e.png;18919;002B746139D1E828D45422BBE437C97DEA357E92331CB15F866011D505942899
game/npc_homme_marin_down_v102k.png;40109;5714C2BB92D72BDE21DF3118E550828992457DA8E2F13160040F7A7E23894FA3
game/npc_homme_marin_down_v102l.png;39412;67B5E1C7491ACFE9D0F603675555BAAB8728F17BDAAE0AFC538473466AA8DFDD
game/npc_homme_marin_left_v102d.png;18919;002B746139D1E828D45422BBE437C97DEA357E92331CB15F866011D505942899
game/npc_homme_marin_left_v102e.png;18919;002B746139D1E828D45422BBE437C97DEA357E92331CB15F866011D505942899
game/npc_homme_marin_left_v102k.png;33946;705827B264301F81BD0A245124D990002854F11CF748C2DD95E9BA15A4F8C22A
game/npc_homme_marin_left_v102l.png;32697;A14A4004CF1127B5E902394DC8E5A6CA74067E03B297EE98CB599A9D11651C9D
game/npc_homme_marin_right_v102d.png;18919;002B746139D1E828D45422BBE437C97DEA357E92331CB15F866011D505942899
game/npc_homme_marin_right_v102e.png;18919;002B746139D1E828D45422BBE437C97DEA357E92331CB15F866011D505942899
game/npc_homme_marin_right_v102k.png;35249;314CAC3ABD1E366D72D200A167C524B500F027CE21DA69C1B776BF654E8951C8
game/npc_homme_marin_right_v102l.png;34579;5FAF60055BE2F7E761CF842B5D4F828EBBC0F6C7D6F31A3BD3FFFFEB9212B7F8
game/npc_homme_marin_up_v102d.png;18919;002B746139D1E828D45422BBE437C97DEA357E92331CB15F866011D505942899
game/npc_homme_marin_up_v102e.png;18919;002B746139D1E828D45422BBE437C97DEA357E92331CB15F866011D505942899
game/npc_homme_marin_up_v102k.png;32576;93D765F63B8FEDBF530CB90C6F95D6D303823217294D5B3E8E07E6B08D0557E9
game/npc_homme_marin_up_v102l.png;31445;5CEDE77B3A0F69962B6FD2C8D8CAD506E0E8FCC101A150203DB0ABF1CA5255B2
game/npc_homme_noir_cheveux_down_v102d.png;16599;82C9DF9BF669ADDF85EB134C39C87261409BACC4CB9A686329642AABD428A492
game/npc_homme_noir_cheveux_down_v102e.png;16599;82C9DF9BF669ADDF85EB134C39C87261409BACC4CB9A686329642AABD428A492
game/npc_homme_noir_cheveux_down_v102k.png;40855;28A40921221F917EBE4B6608F6F06CD8AACFEE99D2890178FCC5889C4C086D4D
game/npc_homme_noir_cheveux_down_v102l.png;39779;7690A66710EC7FDFDA2EBDB28176556101A6D064BA3262FE05CAAB120714F608
game/npc_homme_noir_cheveux_left_v102d.png;16599;82C9DF9BF669ADDF85EB134C39C87261409BACC4CB9A686329642AABD428A492
game/npc_homme_noir_cheveux_left_v102e.png;16599;82C9DF9BF669ADDF85EB134C39C87261409BACC4CB9A686329642AABD428A492
game/npc_homme_noir_cheveux_left_v102k.png;34603;FFFA5E54C306FE044613FA85385C7C25A7DC172B1DBDBF9F66EB36D411A1CBD7
game/npc_homme_noir_cheveux_left_v102l.png;33344;7E9FEF2D5E9C357120901E8F0B9E0FBE124C6EDE2D2E6A47A8D871A34BF5AB18
game/npc_homme_noir_cheveux_right_v102d.png;16599;82C9DF9BF669ADDF85EB134C39C87261409BACC4CB9A686329642AABD428A492
game/npc_homme_noir_cheveux_right_v102e.png;16599;82C9DF9BF669ADDF85EB134C39C87261409BACC4CB9A686329642AABD428A492
game/npc_homme_noir_cheveux_right_v102k.png;35105;C744C45DF0F20C710498ED4E06C2E95403FD28BCF0B7C2BC25FF45D01D5919FC
game/npc_homme_noir_cheveux_right_v102l.png;33675;4D494714C1F20C8EA9FE67EDA0949D496E6045BA966774616A6B47C6DADE7DA5
game/npc_homme_noir_cheveux_up_v102d.png;16599;82C9DF9BF669ADDF85EB134C39C87261409BACC4CB9A686329642AABD428A492
game/npc_homme_noir_cheveux_up_v102e.png;16599;82C9DF9BF669ADDF85EB134C39C87261409BACC4CB9A686329642AABD428A492
game/npc_homme_noir_cheveux_up_v102k.png;33433;B33DA904C358A0D0A4F5F44F85664F3168B86D7C68B171114E238FA9B9BF3FCA
game/npc_homme_noir_cheveux_up_v102l.png;32171;F904894C3628A716DE5EB7A34E9334D744F836F995B0921CBD36431D7B18E71D
game/npc_homme_peau_foncee_down_v102d.png;15910;DDA26AC4664DFC3195FFF6E9C6BBED967D02841DBEE8908A77A3B77066C04ED9
game/npc_homme_peau_foncee_down_v102e.png;15910;DDA26AC4664DFC3195FFF6E9C6BBED967D02841DBEE8908A77A3B77066C04ED9
game/npc_homme_peau_foncee_down_v102k.png;41523;6700B5750AAA96204064F76B36D801A7BE610B83256CFADB063756E234784FA5
game/npc_homme_peau_foncee_down_v102l.png;39899;FA85E25A2912A0FE64830628F70B20FBE353850974BEAD043D31BF759721964F
game/npc_homme_peau_foncee_left_v102d.png;15910;DDA26AC4664DFC3195FFF6E9C6BBED967D02841DBEE8908A77A3B77066C04ED9
game/npc_homme_peau_foncee_left_v102e.png;15910;DDA26AC4664DFC3195FFF6E9C6BBED967D02841DBEE8908A77A3B77066C04ED9
game/npc_homme_peau_foncee_left_v102k.png;34956;3E8FEC91417C8AB8DD22F637963D1E96F838DE0E9B5553B0EFDB0C20FA892D7C
game/npc_homme_peau_foncee_left_v102l.png;33305;4663F848D2E78A842891284DAF4221DF8AB87A0904C0555E41141D7AEE271E22
game/npc_homme_peau_foncee_right_v102d.png;15910;DDA26AC4664DFC3195FFF6E9C6BBED967D02841DBEE8908A77A3B77066C04ED9
game/npc_homme_peau_foncee_right_v102e.png;15910;DDA26AC4664DFC3195FFF6E9C6BBED967D02841DBEE8908A77A3B77066C04ED9
game/npc_homme_peau_foncee_right_v102k.png;36343;0FDEC4F1766466BFC396EF6B4FB88A807B51DC11600FCE14980288481364683F
game/npc_homme_peau_foncee_right_v102l.png;34566;FFBCEC0BA4DA9CB1F191D236731EE64A1A7DED291D4653305478B0E409A2A07D
game/npc_homme_peau_foncee_up_v102d.png;15910;DDA26AC4664DFC3195FFF6E9C6BBED967D02841DBEE8908A77A3B77066C04ED9
game/npc_homme_peau_foncee_up_v102e.png;15910;DDA26AC4664DFC3195FFF6E9C6BBED967D02841DBEE8908A77A3B77066C04ED9
game/npc_homme_peau_foncee_up_v102k.png;34666;75A455F28E92FEB6C60530EFA9D70A3BD542F5158B91F466BE845A8463A409E2
game/npc_homme_peau_foncee_up_v102l.png;32849;EF3008CD26337BC75B345748EF923CE2B0E8C27E42DE662C539B27A79C591F92
game/npc_homme_randonneur_down_v102d.png;19093;9BED3B1A4FE97054DDC6300F366A178897BEF532D1008DECBA1CAA1786771A81
game/npc_homme_randonneur_down_v102e.png;19093;9BED3B1A4FE97054DDC6300F366A178897BEF532D1008DECBA1CAA1786771A81
game/npc_homme_randonneur_down_v102k.png;43714;2BC65E54CFF15C3F9EEA9640BC326E49B058528FB0143CFB59D891BD9C5C4558
game/npc_homme_randonneur_down_v102l.png;42726;92BA83BB42CB400B332333B6A3F08D22CBCB710932A1DDEBBBBEF033C07B2C30
game/npc_homme_randonneur_left_v102d.png;19093;9BED3B1A4FE97054DDC6300F366A178897BEF532D1008DECBA1CAA1786771A81
game/npc_homme_randonneur_left_v102e.png;19093;9BED3B1A4FE97054DDC6300F366A178897BEF532D1008DECBA1CAA1786771A81
game/npc_homme_randonneur_left_v102k.png;38383;937EC164DB569AE58499E55C497E894FE52269FCFF2CF3784703013ACDA39DCC
game/npc_homme_randonneur_left_v102l.png;37077;0A95A15B1F850262E46478BB0BF22E0F747ACD37F648CE6CFAD11BBC839CB6F5
game/npc_homme_randonneur_right_v102d.png;19093;9BED3B1A4FE97054DDC6300F366A178897BEF532D1008DECBA1CAA1786771A81
game/npc_homme_randonneur_right_v102e.png;19093;9BED3B1A4FE97054DDC6300F366A178897BEF532D1008DECBA1CAA1786771A81
game/npc_homme_randonneur_right_v102k.png;39105;626AF001EE1C1F71644FE5571FA83DDE8F9EB26D6E1170DFDEFFB8CE7E2D7207
game/npc_homme_randonneur_right_v102l.png;37524;A73E7CB71CEFB6409F4CBA23B7A208653E1BA9DC2B4932CB90FA00E8AB1B4FA6
game/npc_homme_randonneur_up_v102d.png;19093;9BED3B1A4FE97054DDC6300F366A178897BEF532D1008DECBA1CAA1786771A81
game/npc_homme_randonneur_up_v102e.png;19093;9BED3B1A4FE97054DDC6300F366A178897BEF532D1008DECBA1CAA1786771A81
game/npc_homme_randonneur_up_v102k.png;37299;D961FB1BA6F2F0E0196B563A03DF17F7E5D39658298C0D4E0CB956623D4CB545
game/npc_homme_randonneur_up_v102l.png;36137;4407F9F7622B349F44F39D1260C158EBF98DFBECA1A95825F06FAD8B642E8B30
game/npc_homme_roux_down_v102d.png;17057;11318D0195B25A3A99A63534E77C0D238F1875B8C9D305165A6386A63569E704
game/npc_homme_roux_down_v102e.png;17057;11318D0195B25A3A99A63534E77C0D238F1875B8C9D305165A6386A63569E704
game/npc_homme_roux_down_v102k.png;43428;57EA95E12976D7A3AB7E09E8F74DE1F05830CDA75DAC26DF94181693164B2449
game/npc_homme_roux_down_v102l.png;42387;ECABF8CC586F98C68C2AD69416C520276F97B8E32BBE528A62DF6F8F3408BF31
game/npc_homme_roux_left_v102d.png;17057;11318D0195B25A3A99A63534E77C0D238F1875B8C9D305165A6386A63569E704
game/npc_homme_roux_left_v102e.png;17057;11318D0195B25A3A99A63534E77C0D238F1875B8C9D305165A6386A63569E704
game/npc_homme_roux_left_v102k.png;37577;287C3E4767115CFEF3F44A3E615AB3573AAB5DFDF07A9FDA9C502A29A8C776A0
game/npc_homme_roux_left_v102l.png;36176;2B16EE7F47D74874DAE74E68572D4BA4BB5CE267E800270F3A380E966072191D
game/npc_homme_roux_right_v102d.png;17057;11318D0195B25A3A99A63534E77C0D238F1875B8C9D305165A6386A63569E704
game/npc_homme_roux_right_v102e.png;17057;11318D0195B25A3A99A63534E77C0D238F1875B8C9D305165A6386A63569E704
game/npc_homme_roux_right_v102k.png;39185;C3181807B1B97E76939775846CD13B2BACF4D4194E24F6A2C006370DA9DFDB3C
game/npc_homme_roux_right_v102l.png;37814;265BB47F41564E7C6E68B8AFF5C6CAEB578CE0811240BAA4BE1723FC29635CA0
game/npc_homme_roux_up_v102d.png;17057;11318D0195B25A3A99A63534E77C0D238F1875B8C9D305165A6386A63569E704
game/npc_homme_roux_up_v102e.png;17057;11318D0195B25A3A99A63534E77C0D238F1875B8C9D305165A6386A63569E704
game/npc_homme_roux_up_v102k.png;38461;605AAF5845F58EF0C81254ABCB915EC5BEEC542C448957C1B6A0BBED1CB0E803
game/npc_homme_roux_up_v102l.png;36865;70F4DBFFBE9A421D9DC5C8347C5306939BF4CE60F0309503CB6847C09B3F7F24
game/npc_homme_scientifique_down_v102d.png;18256;279730514C914BAA4B54225389D625501F0668B945A18CE1362DF5B6A4E2282C
game/npc_homme_scientifique_down_v102e.png;18256;279730514C914BAA4B54225389D625501F0668B945A18CE1362DF5B6A4E2282C
game/npc_homme_scientifique_down_v102k.png;38224;2A74F811CB59022BDF7EDC520E937FA995EEFD9AFC413028523B07AB2BE02AB0
game/npc_homme_scientifique_down_v102l.png;36627;7B9B3CD59D9EAC882290D2E7006E8E012BB14463007E3AE84C5E734944F642BD
game/npc_homme_scientifique_left_v102d.png;18256;279730514C914BAA4B54225389D625501F0668B945A18CE1362DF5B6A4E2282C
game/npc_homme_scientifique_left_v102e.png;18256;279730514C914BAA4B54225389D625501F0668B945A18CE1362DF5B6A4E2282C
game/npc_homme_scientifique_left_v102k.png;29155;1AE6693F1B8FFB41E721F35F775F7DB61AABDE9BDADABA0659BB6DC0DF03F349
game/npc_homme_scientifique_left_v102l.png;27730;ECCF34489B4A044C1722896B54833FCFF0A9AEEFAE4EB08A67879431861891CA
game/npc_homme_scientifique_right_v102d.png;18256;279730514C914BAA4B54225389D625501F0668B945A18CE1362DF5B6A4E2282C
game/npc_homme_scientifique_right_v102e.png;18256;279730514C914BAA4B54225389D625501F0668B945A18CE1362DF5B6A4E2282C
game/npc_homme_scientifique_right_v102k.png;31040;CB9729B9AE88DCE7506E2AB9252B9B464FD7DAAEEF64F893625F9A565D924408
game/npc_homme_scientifique_right_v102l.png;29327;FE3641D769B23E220A3DFFA668D1180ED1B97F2884ED4F378B10237B16E1931F
game/npc_homme_scientifique_up_v102d.png;18256;279730514C914BAA4B54225389D625501F0668B945A18CE1362DF5B6A4E2282C
game/npc_homme_scientifique_up_v102e.png;18256;279730514C914BAA4B54225389D625501F0668B945A18CE1362DF5B6A4E2282C
game/npc_homme_scientifique_up_v102k.png;25950;45CE45759092EDEB1CA6AF6397C99B552069803A9050AC9C953B8A37D8961B20
game/npc_homme_scientifique_up_v102l.png;24309;6BE0423EEB110747C82A9EE059703DF3CD985FB05FCE3EAE0D7E9F6F9A6BC06F
game/npc_homme_sportif_down_v102d.png;18090;8BA2D8F6FCAEC19FDD6B965B3F6B99BD8D4AD6B82F8502D28738819F521BED52
game/npc_homme_sportif_down_v102e.png;18090;8BA2D8F6FCAEC19FDD6B965B3F6B99BD8D4AD6B82F8502D28738819F521BED52
game/npc_homme_sportif_down_v102k.png;43510;C4BEB30AA85E6BFA31CC871C2F6B638EA336DAF7CA8BF348EDDA4F4D1ABE27ED
game/npc_homme_sportif_down_v102l.png;41892;5944056D32EDDCD659180EA20D43C6FA26575396DCF427F7D9F39CEB9CF25436
game/npc_homme_sportif_left_v102d.png;18090;8BA2D8F6FCAEC19FDD6B965B3F6B99BD8D4AD6B82F8502D28738819F521BED52
game/npc_homme_sportif_left_v102e.png;18090;8BA2D8F6FCAEC19FDD6B965B3F6B99BD8D4AD6B82F8502D28738819F521BED52
game/npc_homme_sportif_left_v102k.png;36552;D5C905369752E95E43D9B7A1BF7A65D696293E6430E1BF0F1FCF364692F44CF8
game/npc_homme_sportif_left_v102l.png;35135;75BDC3B68E7D4F21B91818C19682A20672BA86DC700531A9BC47C4601D353E1B
game/npc_homme_sportif_right_v102d.png;18090;8BA2D8F6FCAEC19FDD6B965B3F6B99BD8D4AD6B82F8502D28738819F521BED52
game/npc_homme_sportif_right_v102e.png;18090;8BA2D8F6FCAEC19FDD6B965B3F6B99BD8D4AD6B82F8502D28738819F521BED52
game/npc_homme_sportif_right_v102k.png;37722;5F8B34C68E63BC3238A1CD00CE0EB25BF5A742748522F6F6B59013AF32E3EF68
game/npc_homme_sportif_right_v102l.png;36141;9E9ADD3E8CF0DA11C660A4296B23702475EA4333DA4EE281CDF7E3ECE1FB3BAB
game/npc_homme_sportif_up_v102d.png;18090;8BA2D8F6FCAEC19FDD6B965B3F6B99BD8D4AD6B82F8502D28738819F521BED52
game/npc_homme_sportif_up_v102e.png;18090;8BA2D8F6FCAEC19FDD6B965B3F6B99BD8D4AD6B82F8502D28738819F521BED52
game/npc_homme_sportif_up_v102k.png;37575;6BD8F7F3704FCE8912AF3422ADB9AA098E19F2C342D11A30974EF3A7AB133B15
game/npc_homme_sportif_up_v102l.png;35814;3A5B7CFF89CCA2ECCF2572C9641BD63C7CDA9AFC7C96586D29FA3CD686775FC6
game/npc_infirmiere_down_v102d.png;20099;26564B106C0E480BE4EFF69C39FEC4857E3246E991ACAABBD1ED1E5D6A9E1CE8
game/npc_infirmiere_down_v102e.png;20099;26564B106C0E480BE4EFF69C39FEC4857E3246E991ACAABBD1ED1E5D6A9E1CE8
game/npc_infirmiere_down_v102k.png;45366;0B96C64BEC721E6ED6F9E8C8138D66ED507B7BA7EB822F87D4913E6D129FEB35
game/npc_infirmiere_down_v102l.png;44372;0E781E127DCE4336CFD14B75ACE2F9B738FB9AA742CDCB2F3BF5D4E8BA62E34E
game/npc_infirmiere_left_v102d.png;20099;26564B106C0E480BE4EFF69C39FEC4857E3246E991ACAABBD1ED1E5D6A9E1CE8
game/npc_infirmiere_left_v102e.png;20099;26564B106C0E480BE4EFF69C39FEC4857E3246E991ACAABBD1ED1E5D6A9E1CE8
game/npc_infirmiere_left_v102k.png;35603;35DADA02DE79A15C9AFB469835718F461E358FEE921E913AEC43F8F0DE4C6DDB
game/npc_infirmiere_left_v102l.png;34144;97965E79F8B78E2FF56071D648AD6143F36C5CAE07244EC3528A79C9659C682C
game/npc_infirmiere_right_v102d.png;20099;26564B106C0E480BE4EFF69C39FEC4857E3246E991ACAABBD1ED1E5D6A9E1CE8
game/npc_infirmiere_right_v102e.png;20099;26564B106C0E480BE4EFF69C39FEC4857E3246E991ACAABBD1ED1E5D6A9E1CE8
game/npc_infirmiere_right_v102k.png;35965;17D3A541DFC8BBCDFC315B1551BA88D01ECEC609ADD55BDA56091ACE0A5FE542
game/npc_infirmiere_right_v102l.png;35133;71F2EC591C8A356C3BB50D1360C15FF388CFAA05CA5CCA041E56638B93289274
game/npc_infirmiere_up_v102d.png;20099;26564B106C0E480BE4EFF69C39FEC4857E3246E991ACAABBD1ED1E5D6A9E1CE8
game/npc_infirmiere_up_v102e.png;20099;26564B106C0E480BE4EFF69C39FEC4857E3246E991ACAABBD1ED1E5D6A9E1CE8
game/npc_infirmiere_up_v102k.png;33196;E30DFE2E353C3D2B1663817488051481FCD166D2595F9F9DEC2A8AE5F7B60214
game/npc_infirmiere_up_v102l.png;31613;5946D779F83AA9D2EC15CF37B448D9D785FB4295F2A58E58659FBE4BC9368A7E
game/npc_kid_down_v102d.png;14834;F9A9D445E7EC2F974DC7C53CE4444239CF8B773848FAB65AF53677D36B5D97B6
game/npc_kid_down_v102e.png;14834;F9A9D445E7EC2F974DC7C53CE4444239CF8B773848FAB65AF53677D36B5D97B6
game/npc_kid_down_v102k.png;32639;6BDB3646470B0693661513DF188189FC7F965A8C0CDFE87A2B47BB819AA3249F
game/npc_kid_down_v102l.png;31644;5BBD3C3840AF3CFFE9958DB1D4C4E4FF7760838370799AF6188E9F7C4E822397
game/npc_kid_left_v102d.png;14834;F9A9D445E7EC2F974DC7C53CE4444239CF8B773848FAB65AF53677D36B5D97B6
game/npc_kid_left_v102e.png;14834;F9A9D445E7EC2F974DC7C53CE4444239CF8B773848FAB65AF53677D36B5D97B6
game/npc_kid_left_v102k.png;29224;87BE0E43AFFE6DA103F97837212161EB395546B6BBC65760F5E955AA0ABF8FFA
game/npc_kid_left_v102l.png;28061;98D3F8D9F5F777D688D99C62D9C7603142C4F95C01BA893E65764ABBE9E00AFF
game/npc_kid_right_v102d.png;14834;F9A9D445E7EC2F974DC7C53CE4444239CF8B773848FAB65AF53677D36B5D97B6
game/npc_kid_right_v102e.png;14834;F9A9D445E7EC2F974DC7C53CE4444239CF8B773848FAB65AF53677D36B5D97B6
game/npc_kid_right_v102k.png;30211;EA1C448495FC8D04294CC33B8FA7DEC85CCABE4805F7BA20F2931DF4BAF95898
game/npc_kid_right_v102l.png;29124;571B417F8A0C12157BE428ADD9318B4793F4B314DD95957A68DDFFB965723EA2
game/npc_kid_up_v102d.png;14834;F9A9D445E7EC2F974DC7C53CE4444239CF8B773848FAB65AF53677D36B5D97B6
game/npc_kid_up_v102e.png;14834;F9A9D445E7EC2F974DC7C53CE4444239CF8B773848FAB65AF53677D36B5D97B6
game/npc_kid_up_v102k.png;29860;A43E37222D6B8718F9D3FCDF39B7D8755F2E59C5F3B723D44B5D269AE98B59AD
game/npc_kid_up_v102l.png;28688;77095FC3C5ADE732D5973DEBE80437B3FB6F494CA523D26AFA159EFA1877E2DB
game/npc_maire_down_v102d.png;19816;314267D5FBB8211D88A79C0DF4D99D5452B7AF69A44651D2E0FFA90949EE9EB0
game/npc_maire_down_v102e.png;19816;314267D5FBB8211D88A79C0DF4D99D5452B7AF69A44651D2E0FFA90949EE9EB0
game/npc_maire_down_v102k.png;42816;7FC4D2D50FDAE6134A8D4A4FF39C7BFA81AE324CB3A4D50250E778674A42A051
game/npc_maire_down_v102l.png;41677;062F0ED15D2CA18C6404E6D17E1831B093FD33B18E65B0670FDBE3A8D960FEEB
game/npc_maire_left_v102d.png;19816;314267D5FBB8211D88A79C0DF4D99D5452B7AF69A44651D2E0FFA90949EE9EB0
game/npc_maire_left_v102e.png;19816;314267D5FBB8211D88A79C0DF4D99D5452B7AF69A44651D2E0FFA90949EE9EB0
game/npc_maire_left_v102k.png;33435;3845A476A9B10200C0829FF7C44F446C4353F135E15CD5840B2EC01BCA8C8207
game/npc_maire_left_v102l.png;31408;689FA5763CB3CC33E8C82F518011E81B9D219B92C761E5B89B737C1FE454ADB5
game/npc_maire_right_v102d.png;19816;314267D5FBB8211D88A79C0DF4D99D5452B7AF69A44651D2E0FFA90949EE9EB0
game/npc_maire_right_v102e.png;19816;314267D5FBB8211D88A79C0DF4D99D5452B7AF69A44651D2E0FFA90949EE9EB0
game/npc_maire_right_v102k.png;34785;2E69E68B9EAC40E743B758FB08DFC16E0F635B223E8235700011DCB5263BEF26
game/npc_maire_right_v102l.png;33380;8B1E2A7138CB718A5E9F8A4A388E2B4F2E281FEBB09435801973695B17C14FF0
game/npc_maire_up_v102d.png;19816;314267D5FBB8211D88A79C0DF4D99D5452B7AF69A44651D2E0FFA90949EE9EB0
game/npc_maire_up_v102e.png;19816;314267D5FBB8211D88A79C0DF4D99D5452B7AF69A44651D2E0FFA90949EE9EB0
game/npc_maire_up_v102k.png;34890;93FC43E4D1E4A0A499037F4D8EC82F77D9E7E9EFAB9C0AFCAFC227DEB2EC4F7C
game/npc_maire_up_v102l.png;33651;86886573DF2F9CC7E1A77664CAB7F0B5BCE001D5B78B1116DA4AB5DC23CC9005
game/npc_mamy_down_v102d.png;17327;B94622C1EFA9751E0BF857351942B33675AA4A41BCABCE74D2A7D4B6209F7E36
game/npc_mamy_down_v102e.png;17327;B94622C1EFA9751E0BF857351942B33675AA4A41BCABCE74D2A7D4B6209F7E36
game/npc_mamy_down_v102k.png;38595;6F539FDA5E4D58691C56A23F77F083CF78A63C8F4248048A45900811F75E264F
game/npc_mamy_down_v102l.png;37247;94D69BDF70EA34E9708FEC89B1A3A077B9EA20BE9A0E428E6E56282DF83F418B
game/npc_mamy_left_v102d.png;17327;B94622C1EFA9751E0BF857351942B33675AA4A41BCABCE74D2A7D4B6209F7E36
game/npc_mamy_left_v102e.png;17327;B94622C1EFA9751E0BF857351942B33675AA4A41BCABCE74D2A7D4B6209F7E36
game/npc_mamy_left_v102k.png;30952;698F7A7F0F45C2F6E59AE2BD4AE929C35F5F39489A772B135FDA9B0E20A94E5D
game/npc_mamy_left_v102l.png;29677;E8DBF52FEEFDA0044FC64E87012CFF561CA9E4C8FC42E75C1F0B3FF0246754E6
game/npc_mamy_right_v102d.png;17327;B94622C1EFA9751E0BF857351942B33675AA4A41BCABCE74D2A7D4B6209F7E36
game/npc_mamy_right_v102e.png;17327;B94622C1EFA9751E0BF857351942B33675AA4A41BCABCE74D2A7D4B6209F7E36
game/npc_mamy_right_v102k.png;32227;31A6E5B5A80AB3964143774306503F43D54C8412788A1FE5A8552C92CF3C0854
game/npc_mamy_right_v102l.png;30793;76556EBED490D2D069EC8E33470D2CB0D4AF028774D9A265491BA79A768DA5CC
game/npc_mamy_up_v102d.png;17327;B94622C1EFA9751E0BF857351942B33675AA4A41BCABCE74D2A7D4B6209F7E36
game/npc_mamy_up_v102e.png;17327;B94622C1EFA9751E0BF857351942B33675AA4A41BCABCE74D2A7D4B6209F7E36
game/npc_mamy_up_v102k.png;31467;0144003E384FC19623579B9A97BDF876DCE8179F10AA5EC821D684A86DD2BE27
game/npc_mamy_up_v102l.png;30377;B1A3311562ECCACB920F539774E7B06CCAF36DC373827F0160B3DF792F189B7E
game/npc_musicien_down_v102d.png;19590;60D4BFC16A7C65736FA8CCD29E38B855D72FD709E8C53B90D8473890649E3879
game/npc_musicien_down_v102e.png;19590;60D4BFC16A7C65736FA8CCD29E38B855D72FD709E8C53B90D8473890649E3879
game/npc_musicien_down_v102k.png;40868;B62D2561BE40646ACDB42E17A826A8285E7F44BF72D7F12823B525F6079CEDD1
game/npc_musicien_down_v102l.png;39487;4BBAE88DDA05B97BC9AD3B744FA6E78E873E6E44ABB8D4214BD0063E79F79D54
game/npc_musicien_left_v102d.png;19590;60D4BFC16A7C65736FA8CCD29E38B855D72FD709E8C53B90D8473890649E3879
game/npc_musicien_left_v102e.png;19590;60D4BFC16A7C65736FA8CCD29E38B855D72FD709E8C53B90D8473890649E3879
game/npc_musicien_left_v102k.png;29539;AEC31FD653414505ABC469D55A8A5551FDE27EBD7087C439A4B52458E9763CE0
game/npc_musicien_left_v102l.png;28764;6539AAE15660E6B39BC5C49381F645658B804FAD13FE071BE55C92C14515B332
game/npc_musicien_right_v102d.png;19590;60D4BFC16A7C65736FA8CCD29E38B855D72FD709E8C53B90D8473890649E3879
game/npc_musicien_right_v102e.png;19590;60D4BFC16A7C65736FA8CCD29E38B855D72FD709E8C53B90D8473890649E3879
game/npc_musicien_right_v102k.png;32926;BD5013DD9E6000E8C8AE96C5A6F3164A4753A91445BAEA12BEE2F2BD611ED7A6
game/npc_musicien_right_v102l.png;31221;ABC331F59B1FE2845385D907D10052C47551111A9E2533D008B645CD27CE1937
game/npc_musicien_up_v102d.png;19590;60D4BFC16A7C65736FA8CCD29E38B855D72FD709E8C53B90D8473890649E3879
game/npc_musicien_up_v102e.png;19590;60D4BFC16A7C65736FA8CCD29E38B855D72FD709E8C53B90D8473890649E3879
game/npc_musicien_up_v102k.png;34216;819A4EC971155D3D1ABCFB1595CCD65F4569D8B166682B84C11664CC018E7A56
game/npc_musicien_up_v102l.png;33029;730C245CA7DD0246E4CAD2B07EF71F93DBE7F4507313A30F8DF527992552D7F9
game/npc_papy_down_v102d.png;19064;88A571A4D196FE4DC437DB233B3F6B1EAA84F4DB0357E4A1AFCCC953C9C10FBD
game/npc_papy_down_v102e.png;19064;88A571A4D196FE4DC437DB233B3F6B1EAA84F4DB0357E4A1AFCCC953C9C10FBD
game/npc_papy_down_v102k.png;39478;2B58B490BA973B01564F16EE602E8F4645C1D7E782B54B521629E7CCA5964EF3
game/npc_papy_down_v102l.png;38207;9F0703BB1E4F45A3D6272FFD158D2CE0A9871E6CE5942913399BB59A82E89121
game/npc_papy_left_v102d.png;19064;88A571A4D196FE4DC437DB233B3F6B1EAA84F4DB0357E4A1AFCCC953C9C10FBD
game/npc_papy_left_v102e.png;19064;88A571A4D196FE4DC437DB233B3F6B1EAA84F4DB0357E4A1AFCCC953C9C10FBD
game/npc_papy_left_v102k.png;34795;55C34C1F50E7379F490F7B63901B4601B7A10F5660E67D4C520F01F373BC6D50
game/npc_papy_left_v102l.png;34018;1E9241AC85D9F7F61AAD68B9B7D2541FC3A88794AA87BAA9FD4EA060E6D2F732
game/npc_papy_right_v102d.png;19064;88A571A4D196FE4DC437DB233B3F6B1EAA84F4DB0357E4A1AFCCC953C9C10FBD
game/npc_papy_right_v102e.png;19064;88A571A4D196FE4DC437DB233B3F6B1EAA84F4DB0357E4A1AFCCC953C9C10FBD
game/npc_papy_right_v102k.png;35857;EE515550035378FA70CE7A4DD9424DF0BE5E43598E5A1D2E8371E91DEF93561F
game/npc_papy_right_v102l.png;34459;590DA40188A5168B5DFBCB4DDCCE80CD749BA0BA569B950BA318EE45DD07A221
game/npc_papy_up_v102d.png;19064;88A571A4D196FE4DC437DB233B3F6B1EAA84F4DB0357E4A1AFCCC953C9C10FBD
game/npc_papy_up_v102e.png;19064;88A571A4D196FE4DC437DB233B3F6B1EAA84F4DB0357E4A1AFCCC953C9C10FBD
game/npc_papy_up_v102k.png;32209;D71C64EAAA76B43A4BD3CC6CE1D369901408E195F7BAB82015F8FC3BB05489E8
game/npc_papy_up_v102l.png;30785;9DF5163833B258EE2A81D7A5F5E95F050DC4214DAE3FB38FCE0E4576E7609D79
game/npc_player_rivale_down_v102d.png;19490;C6FFCDBBAA5491F6C0EA37AD020273DCC290F0D383E1B783FC544E0D453D46B3
game/npc_player_rivale_down_v102e.png;19490;C6FFCDBBAA5491F6C0EA37AD020273DCC290F0D383E1B783FC544E0D453D46B3
game/npc_player_rivale_down_v102k.png;37411;8F7C2ACDDC1B51419866953EFD46F5A1D4FE0226702F3B86B3795501E67F3447
game/npc_player_rivale_down_v102l.png;36041;D80CE2E5C9E5AF9F22F2FC4097FF028F1AD8BCFACC2542A58A41D751E070827F
game/npc_player_rivale_left_v102d.png;19490;C6FFCDBBAA5491F6C0EA37AD020273DCC290F0D383E1B783FC544E0D453D46B3
game/npc_player_rivale_left_v102e.png;19490;C6FFCDBBAA5491F6C0EA37AD020273DCC290F0D383E1B783FC544E0D453D46B3
game/npc_player_rivale_left_v102k.png;29906;A73B1B1F115108E16FBD7AEB88DCF5EE4D7B2A484957B5CCF75536DED75589CC
game/npc_player_rivale_left_v102l.png;28948;8A350C65036EC380963FB574527602724350C3D18938F2A5F9CD19F0E8F3842A
game/npc_player_rivale_right_v102d.png;19490;C6FFCDBBAA5491F6C0EA37AD020273DCC290F0D383E1B783FC544E0D453D46B3
game/npc_player_rivale_right_v102e.png;19490;C6FFCDBBAA5491F6C0EA37AD020273DCC290F0D383E1B783FC544E0D453D46B3
game/npc_player_rivale_right_v102k.png;30727;1DC9054200F679F8D9BA5D0ABE39287A636ADB6C2FA320F13CDBF0CE5427B549
game/npc_player_rivale_right_v102l.png;29598;B016C1432618629A44806E4A7899D14787AD5C94C91271BE9432780A6BFBF10A
game/npc_player_rivale_up_v102d.png;19490;C6FFCDBBAA5491F6C0EA37AD020273DCC290F0D383E1B783FC544E0D453D46B3
game/npc_player_rivale_up_v102e.png;19490;C6FFCDBBAA5491F6C0EA37AD020273DCC290F0D383E1B783FC544E0D453D46B3
game/npc_player_rivale_up_v102k.png;29227;BC676E7043C69E1572FF6D488D8A2B95D5D3A6FB953A794A91386A2C38B4586C
game/npc_player_rivale_up_v102l.png;28333;BD3AC6085723E27DBD665275E940DBE9813D05E4F6CA3FF3A5D35934879BD6A0
game/npc_policier_down_v102d.png;19700;D7224113BDC92769D7F44740F002DB9D2E597DB200BF050AD57E272A661D03C9
game/npc_policier_down_v102e.png;19700;D7224113BDC92769D7F44740F002DB9D2E597DB200BF050AD57E272A661D03C9
game/npc_policier_down_v102k.png;43727;31E9DBA4596C2A9FA863EAE025E67C0CB261D3208E573CE9BC103CCF01803148
game/npc_policier_down_v102l.png;42544;ED22F6C40BDA7AFE35FE311331BE65B79E9BED4CF798BA241E1A311E933B7FE2
game/npc_policier_left_v102d.png;19700;D7224113BDC92769D7F44740F002DB9D2E597DB200BF050AD57E272A661D03C9
game/npc_policier_left_v102e.png;19700;D7224113BDC92769D7F44740F002DB9D2E597DB200BF050AD57E272A661D03C9
game/npc_policier_left_v102k.png;33700;99D7EF7C11A0307575B11C16BEF1C23B397F94403D361D8B82ED703F8A45305D
game/npc_policier_left_v102l.png;32246;070E6FAD608CE08316BA09D4DD49B0E4B6895E4017D1E90E4F0C506675BE9AF1
game/npc_policier_right_v102d.png;19700;D7224113BDC92769D7F44740F002DB9D2E597DB200BF050AD57E272A661D03C9
game/npc_policier_right_v102e.png;19700;D7224113BDC92769D7F44740F002DB9D2E597DB200BF050AD57E272A661D03C9
game/npc_policier_right_v102k.png;35674;597A3A4D60513B3B0847065949407A5B105E8798AD999D5FBBAB11F206856FEB
game/npc_policier_right_v102l.png;34096;C1D3DB903365BEB5E939C2D2272ECBF45A7D7E829EB5283ED7CB6CF878325680
game/npc_policier_up_v102d.png;19700;D7224113BDC92769D7F44740F002DB9D2E597DB200BF050AD57E272A661D03C9
game/npc_policier_up_v102e.png;19700;D7224113BDC92769D7F44740F002DB9D2E597DB200BF050AD57E272A661D03C9
game/npc_policier_up_v102k.png;32423;F080CCD211E8C88F4206954B3A9FB32711FD4619C34749AA1A7449387AED4BA7
game/npc_policier_up_v102l.png;30744;1695C78E6B86DC8086868AF7D539720850B640A5175F3C12E4B757810B0AD58C
game/npc_professeur_aurine_homme_down_v102d.png;18256;279730514C914BAA4B54225389D625501F0668B945A18CE1362DF5B6A4E2282C
game/npc_professeur_aurine_homme_down_v102e.png;18256;279730514C914BAA4B54225389D625501F0668B945A18CE1362DF5B6A4E2282C
game/npc_professeur_aurine_homme_down_v102k.png;41355;040A08EB3D065AF0450F7A8A0A2F89AE1A718F0220741E6496BC0C85DF1CAABF
game/npc_professeur_aurine_homme_down_v102l.png;40259;68CAAB5BFE531B7C02E93CC93E63B7E1348891C11EA7B21CBAA29CACB4A903E8
game/npc_professeur_aurine_homme_left_v102d.png;18256;279730514C914BAA4B54225389D625501F0668B945A18CE1362DF5B6A4E2282C
game/npc_professeur_aurine_homme_left_v102e.png;18256;279730514C914BAA4B54225389D625501F0668B945A18CE1362DF5B6A4E2282C
game/npc_professeur_aurine_homme_left_v102k.png;35425;94D5BECD9EBCABADA43538463C04A3958590E672505461F6B7ABE5E284BF4749
game/npc_professeur_aurine_homme_left_v102l.png;33638;4085D3578954B157B313BA17523E4D1CAD1B97BBDAF393C4FDEFC3014E7ED1FB
game/npc_professeur_aurine_homme_right_v102d.png;18256;279730514C914BAA4B54225389D625501F0668B945A18CE1362DF5B6A4E2282C
game/npc_professeur_aurine_homme_right_v102e.png;18256;279730514C914BAA4B54225389D625501F0668B945A18CE1362DF5B6A4E2282C
game/npc_professeur_aurine_homme_right_v102k.png;35584;D426388C28060C99EA985DBD2CC73DF319C97C16D761AF9A0BD66893217079CB
game/npc_professeur_aurine_homme_right_v102l.png;34182;6B8303281EE6F236838C0281223A1C7F5C9909CF451DA359957DC2F3EA2FD2E9
game/npc_professeur_aurine_homme_up_v102d.png;18256;279730514C914BAA4B54225389D625501F0668B945A18CE1362DF5B6A4E2282C
game/npc_professeur_aurine_homme_up_v102e.png;18256;279730514C914BAA4B54225389D625501F0668B945A18CE1362DF5B6A4E2282C
game/npc_professeur_aurine_homme_up_v102k.png;30656;642379A810803E147106725B8329CE374C464CBBC9F5781B10C83E4227B42A07
game/npc_professeur_aurine_homme_up_v102l.png;29376;61AE75A85769FE681EAA5E2A9E836EBA922831F76E8F26850247925A81395A32
game/npc_professeur_down_v102d.png;20413;7637FE062E303FAD8828FA4A8FA8B8D0B6E06B03EE9649A30E8C8BED762E42EB
game/npc_professeur_down_v102e.png;20413;7637FE062E303FAD8828FA4A8FA8B8D0B6E06B03EE9649A30E8C8BED762E42EB
game/npc_professeur_down_v102k.png;41355;040A08EB3D065AF0450F7A8A0A2F89AE1A718F0220741E6496BC0C85DF1CAABF
game/npc_professeur_down_v102l.png;40259;68CAAB5BFE531B7C02E93CC93E63B7E1348891C11EA7B21CBAA29CACB4A903E8
game/npc_professeur_left_v102d.png;20413;7637FE062E303FAD8828FA4A8FA8B8D0B6E06B03EE9649A30E8C8BED762E42EB
game/npc_professeur_left_v102e.png;20413;7637FE062E303FAD8828FA4A8FA8B8D0B6E06B03EE9649A30E8C8BED762E42EB
game/npc_professeur_left_v102k.png;35425;94D5BECD9EBCABADA43538463C04A3958590E672505461F6B7ABE5E284BF4749
game/npc_professeur_left_v102l.png;33638;4085D3578954B157B313BA17523E4D1CAD1B97BBDAF393C4FDEFC3014E7ED1FB
game/npc_professeur_right_v102d.png;20413;7637FE062E303FAD8828FA4A8FA8B8D0B6E06B03EE9649A30E8C8BED762E42EB
game/npc_professeur_right_v102e.png;20413;7637FE062E303FAD8828FA4A8FA8B8D0B6E06B03EE9649A30E8C8BED762E42EB
game/npc_professeur_right_v102k.png;35584;D426388C28060C99EA985DBD2CC73DF319C97C16D761AF9A0BD66893217079CB
game/npc_professeur_right_v102l.png;34182;6B8303281EE6F236838C0281223A1C7F5C9909CF451DA359957DC2F3EA2FD2E9
game/npc_professeur_up_v102d.png;20413;7637FE062E303FAD8828FA4A8FA8B8D0B6E06B03EE9649A30E8C8BED762E42EB
game/npc_professeur_up_v102e.png;20413;7637FE062E303FAD8828FA4A8FA8B8D0B6E06B03EE9649A30E8C8BED762E42EB
game/npc_professeur_up_v102k.png;30656;642379A810803E147106725B8329CE374C464CBBC9F5781B10C83E4227B42A07
game/npc_professeur_up_v102l.png;29376;61AE75A85769FE681EAA5E2A9E836EBA922831F76E8F26850247925A81395A32
game/npc_ranger_down_v102d.png;19050;66B21FDD0007FA11B52B263A555AEFDB383565E209D9A418B59084BE2AAFCA26
game/npc_ranger_down_v102e.png;19050;66B21FDD0007FA11B52B263A555AEFDB383565E209D9A418B59084BE2AAFCA26
game/npc_ranger_down_v102k.png;44687;D0472BC99A7448E192C923625FB5B102D5F3652B3DCF7357D1941078ACE8CD27
game/npc_ranger_down_v102l.png;43725;47533681D9BE5F90FE879E111B4BBE55D81D6F29E553CAB7F16549252CFDAECE
game/npc_ranger_left_v102d.png;19050;66B21FDD0007FA11B52B263A555AEFDB383565E209D9A418B59084BE2AAFCA26
game/npc_ranger_left_v102e.png;19050;66B21FDD0007FA11B52B263A555AEFDB383565E209D9A418B59084BE2AAFCA26
game/npc_ranger_left_v102k.png;38145;E45EF7179C0DE68F0791E6F8F4B146BFF1F782212A1CC5A06BEFEFBD0459CB83
game/npc_ranger_left_v102l.png;36971;21621216516A88C56B7D4DA3F8E6134F1BA67D385A29765120BFCA91B0A57173
game/npc_ranger_right_v102d.png;19050;66B21FDD0007FA11B52B263A555AEFDB383565E209D9A418B59084BE2AAFCA26
game/npc_ranger_right_v102e.png;19050;66B21FDD0007FA11B52B263A555AEFDB383565E209D9A418B59084BE2AAFCA26
game/npc_ranger_right_v102k.png;41152;91E5E59E1832B547DC647314A20EF9E333AAFBB7A2AEBCFD1BDEB29457583F0B
game/npc_ranger_right_v102l.png;40241;2D139B95ADB9559AF7F2CF3D8B0EC7EC4896E4484A1D8EA850DCA6301507A8F5
game/npc_ranger_up_v102d.png;19050;66B21FDD0007FA11B52B263A555AEFDB383565E209D9A418B59084BE2AAFCA26
game/npc_ranger_up_v102e.png;19050;66B21FDD0007FA11B52B263A555AEFDB383565E209D9A418B59084BE2AAFCA26
game/npc_ranger_up_v102k.png;37950;BF82B01F4C259D413E97AF10295BD0482866694DDB9B16780149676EEA93B731
game/npc_ranger_up_v102l.png;36888;372DB7E031BE51E8C76FB24743A33681FA0ED4164FC2D85275D249E25A52C5B1
game/npc_touriste_etranger_down_v102d.png;15372;46BB188646BF8A7E9A5842DE6B27EE68436A539688345D13BA067D9AA7E89849
game/npc_touriste_etranger_down_v102e.png;15372;46BB188646BF8A7E9A5842DE6B27EE68436A539688345D13BA067D9AA7E89849
game/npc_touriste_etranger_down_v102k.png;42041;AA337F1272CCF8A05679F71A0C5DC935069804A1942DE14FB768782526B369EA
game/npc_touriste_etranger_down_v102l.png;40963;62F871B12931A755B933CDCE89A1AA8F4D0189EF3A010B13FF2DD1FD7D48D907
game/npc_touriste_etranger_left_v102d.png;15372;46BB188646BF8A7E9A5842DE6B27EE68436A539688345D13BA067D9AA7E89849
game/npc_touriste_etranger_left_v102e.png;15372;46BB188646BF8A7E9A5842DE6B27EE68436A539688345D13BA067D9AA7E89849
game/npc_touriste_etranger_left_v102k.png;33299;6F80A50BB338800E6797AB48800E2941935288D489FE7DC14DC2EEE0C70A3EE3
game/npc_touriste_etranger_left_v102l.png;31998;923EE0EB660853FAD0B5B443CD09B49ACB2FA1A07BA028D34A33FA5AC7AA9EBC
game/npc_touriste_etranger_right_v102d.png;15372;46BB188646BF8A7E9A5842DE6B27EE68436A539688345D13BA067D9AA7E89849
game/npc_touriste_etranger_right_v102e.png;15372;46BB188646BF8A7E9A5842DE6B27EE68436A539688345D13BA067D9AA7E89849
game/npc_touriste_etranger_right_v102k.png;33306;57BBEF176657CBF365646F56A0B45D643F5B261B9ABF99C839FDB6B856E4EB07
game/npc_touriste_etranger_right_v102l.png;32400;60475396591A0F7963292F4D99DB80636C45A7F726ADD9341FE114426DA8E774
game/npc_touriste_etranger_up_v102d.png;15372;46BB188646BF8A7E9A5842DE6B27EE68436A539688345D13BA067D9AA7E89849
game/npc_touriste_etranger_up_v102e.png;15372;46BB188646BF8A7E9A5842DE6B27EE68436A539688345D13BA067D9AA7E89849
game/npc_touriste_etranger_up_v102k.png;37121;71D5C615A262A5941ABFF9F3B5B14181652E11AB8ED570A3B2ABE6E8C0248FA5
game/npc_touriste_etranger_up_v102l.png;35562;F6D34992486EDB66F349D136309A621FA0CD38BE5FDD9E88B45836657544197D
game/npc_vendeur_down_v102d.png;17593;60F2FFA2EB11FCDBD55FBA42894142D2D11BA553A6B007137D304D388A6478E7
game/npc_vendeur_down_v102e.png;17593;60F2FFA2EB11FCDBD55FBA42894142D2D11BA553A6B007137D304D388A6478E7
game/npc_vendeur_down_v102k.png;40737;0F131C8368E1499025FE6B89A95A01B4D61A50F05C5BA5AB23691A8CB5B7DF5E
game/npc_vendeur_down_v102l.png;39239;0C5B9443103EDC753066C92C76D66DBE1F03EFE18A9D37C7A5714A59D97F1E44
game/npc_vendeur_left_v102d.png;17593;60F2FFA2EB11FCDBD55FBA42894142D2D11BA553A6B007137D304D388A6478E7
game/npc_vendeur_left_v102e.png;17593;60F2FFA2EB11FCDBD55FBA42894142D2D11BA553A6B007137D304D388A6478E7
game/npc_vendeur_left_v102k.png;33407;D60F025BDC47512EB8A3FFB445A4409770C580CE27C5EF16FCF5A1B25EFFC4E7
game/npc_vendeur_left_v102l.png;32003;9DDE2E4BE54CAD226090F00A43F899BAAB217713CB5C1C15A4D70EFE7DE07E5C
game/npc_vendeur_right_v102d.png;17593;60F2FFA2EB11FCDBD55FBA42894142D2D11BA553A6B007137D304D388A6478E7
game/npc_vendeur_right_v102e.png;17593;60F2FFA2EB11FCDBD55FBA42894142D2D11BA553A6B007137D304D388A6478E7
game/npc_vendeur_right_v102k.png;37434;97A0222229328849F8066BAC664847EBC74199AF357DD2E3D354B1A18670DAD9
game/npc_vendeur_right_v102l.png;35609;122C25CB984E742CA9FA655ECB71BA3DCEC341CF0A501854CB9214F11ACBBC7F
game/npc_vendeur_up_v102d.png;17593;60F2FFA2EB11FCDBD55FBA42894142D2D11BA553A6B007137D304D388A6478E7
game/npc_vendeur_up_v102e.png;17593;60F2FFA2EB11FCDBD55FBA42894142D2D11BA553A6B007137D304D388A6478E7
game/npc_vendeur_up_v102k.png;35515;4DBB3859B4A73DF175AED23DDA8AB7E71B07A5D7E1232949C31320BC06EC51D5
game/npc_vendeur_up_v102l.png;33797;58AEAF8D4D015EBF4B39CEA93888FA87C93EAA87975CEE79EDF1DD9E9CC16F1D
game/pack_pnj_complet_pour_jeu_chibi.png;2192985;A49D04D11339C943C4DDA93415E8C59762FC214678AC70876869031875A0D34C
game/planche_de_sprites_pnj_en_fran+#U2551ais.png;2320736;9CE0D1D3CFBD3C2FC5C4E74D93CAAD497FDF5BA4FAA56AE2D5C085AAE2FD3867
game/prologue_battle_v101y.png;2409124;FD5E2A1EC3D6E9125ED1AE46975801349B8677B214D364965FC443359D1E0B18
game/prologue_train_v101y.png;2561425;49E6DD2AB7D2530DC2C2A64C127D8BBA58F51A123E7557DA0EAB4ACF05B37377
game/prologue_train_v102c.png;2506114;31F724FFA8A912923B48B8EEBA78FB94584F5FF3A08C81C8352F97F27CF8E532
game/prologue_train_v102d.png;2506114;31F724FFA8A912923B48B8EEBA78FB94584F5FF3A08C81C8352F97F27CF8E532
game/prologue_train_v102e.png;2506114;31F724FFA8A912923B48B8EEBA78FB94584F5FF3A08C81C8352F97F27CF8E532
game/pwa.js;9732;7BFA8E867ED353247C68616A3E3436D23B262D92D0938DE44FF8296A2B6869E5
game/route_trainers_pack_102c.png;2035943;E5A8DDE4B9DDED2E902774C3C68444F28833F06AFE534689AAF15113DCBD358D
game/SOURCE_CONCEPT_PNJ_ASSETS_VALIDE.png;2739221;79AB4D3E1B43A679C5294FD7B3B50C03B77DE8A1CF58371A7D520850AE96F854
game/SOURCE_EXACTE_BASE_FEMMES_V102L.jpg;520488;8C375EF6339E11AF228FCCDB7AA2CD8A5067772AB8662AAD8A7758EAB952892A
game/SOURCE_EXACTE_HOMMES_V102L.jpg;561283;AEDFAF6173B1DC0AABBD972DB446B8DEEB65CFB1C42022173388F2926B08A678
game/SOURCE_EXACTE_SECONDAIRES_V102L.jpg;520479;E6EFB2EA5FDF06C8949543E5D4285DBBEE15886C6553559149B045715FEC4903
game/SOURCE_EXACTE_SPECIAUX_V102L.jpg;540946;AAEA2C79469F3D91D83C2B152D4F6D8A143EC0314F6C512D61AC4DEF04963232
game/SOURCE_HABITATIONS_FACE_GAUCHE_DROITE_DERRIERE.jpeg;672291;2195F853BB0023A449267D284AD04DEDFDB439F8D82D025463C7F2B28D65A10F
game/SOURCE_HEROS_VALIDE.png;963774;4A43E07BA1BC8F6BBFF7E4C794DFF41F0B50CCF706001CFF23B1DEF4296A63C9
game/SOURCE_PNJ_DIRECTIONNELS_BASE_FEMMES.png;520488;8C375EF6339E11AF228FCCDB7AA2CD8A5067772AB8662AAD8A7758EAB952892A
game/SOURCE_PNJ_DIRECTIONNELS_HOMMES.png;561283;AEDFAF6173B1DC0AABBD972DB446B8DEEB65CFB1C42022173388F2926B08A678
game/SOURCE_PNJ_DIRECTIONNELS_SECONDAIRES.png;520479;E6EFB2EA5FDF06C8949543E5D4285DBBEE15886C6553559149B045715FEC4903
game/SOURCE_PNJ_DIRECTIONNELS_SPECIAUX.png;540946;AAEA2C79469F3D91D83C2B152D4F6D8A143EC0314F6C512D61AC4DEF04963232
game/SOURCE_SANCTUAIRES_FACE_GAUCHE_DROITE_DERRIERE.jpeg;709216;8791BE5E473829E84B1D6D79880E22978FF8EB0FD8832A71410FFCBF31261381
game/SOURCE_SERVICES_FACE_GAUCHE_DROITE_DERRIERE.jpeg;736472;2507C0F00495F0F84F96CDE9495A985B83BF1A3E556A18B3E822A95BD9265E4A
game/SOURCE_TRAIN_CHIBI_VALIDE_V102F.png;1032365;89B67A199B5DBB15D41E14C97E00653A83C1693A9250899C78189E1BEC826E0F
game/SOURCE_TRAIN_UTILISATEUR_V102B.png;999797;7C6BDF675D3689D4F6517E1C0ADC05ADB95366D2054631879BEB244DCECE7EDD
game/SOURCE_TRAIN_VALIDE.png;999797;7C6BDF675D3689D4F6517E1C0ADC05ADB95366D2054631879BEB244DCECE7EDD
game/sw.js;2436;286B74FFFDC7BCFF8F559B8E83A3C30135019AD9F717C0DD16278B00ABDA0935
game/title_v101y.png;2696623;5042B02418DB59642193A5E2CA494CA0548CA84156B18BF7BC275BA29D3DC1BD
game/train_tgv_v102d.png;409686;D44F43EC816372C9709FF0E4EF31AE7520855C2BD561FDA482EB533371D2FC0E
game/train_tgv_v102e.png;409686;D44F43EC816372C9709FF0E4EF31AE7520855C2BD561FDA482EB533371D2FC0E
game/train_tgv_v102f.png;500260;82C1C5F6FA35DD10CA4F97ECBBF269EA22585845E74C31E16EF9611D624847A2
game/TRAIN_UNIQUE_GARE_ET_MAP_V102E.png;409686;D44F43EC816372C9709FF0E4EF31AE7520855C2BD561FDA482EB533371D2FC0E
game/train_v104i_opaque.png;500260;82C1C5F6FA35DD10CA4F97ECBBF269EA22585845E74C31E16EF9611D624847A2
game/train_v104j_opaque.png;500260;82C1C5F6FA35DD10CA4F97ECBBF269EA22585845E74C31E16EF9611D624847A2
game/train_v105_opaque.png;500260;82C1C5F6FA35DD10CA4F97ECBBF269EA22585845E74C31E16EF9611D624847A2
game/train_v105b_opaque.png;499905;CD9912A5F4171E6283C4EE29B19840C4B1FD86E5E611F985E44B9F3C45024814
game/train_v105d_clean.png;499910;A88CB5450A28AC50DCE3C1EABFFC673FB57E3F7D6E4AE6F7D48439FF7604FF0E
game/train_v105f_transparent.png;865475;2C6506AD63AF870EC0A0624DE50D03C0908B125511A66B5EDFC394C53F5FB5F6
game/V105A_DIAGNOSTIC.json;414;A735B953CC7038AF4C42FF9F705A83C41E3E25CD647AEE7C1F212EEA7BC81426
game/V105W_INTERIEURS.js;31827;EA6ED624273C6D88E9C8ECBE5B9FAF90DD648EB1610EAFDAAB6DEDAD984FF735
game/V105Y_REFERENCE_INTERIEURS.js;31748;71DA3F57DFA2CD59BE018072C79595EC9704A07E360F4633C216A5788AB8255D
game/V105Z_CORRECTIONS.js;24801;04EBA35FB6CE2A11B109007A8D662122249053D6E7AC34F715D3CB0B8BE876EE
game/V106A_QUETES_TARON_COMBATS_EQUIPE.js;17952;C79BACD031998754E85813F6DA698416B934A5F723466A503380CBD5017C367D
game/V106K_ENCOUNTER_SIMULATION.json;180;1F1B6EBF7657E3A42224FF1DA504F221ECE6AA2759333BFDB96952A91FCF8F12
game/V106K_NOTES.txt;519;D93D141CF7D34BA90BF467688CF7943D2A600D13B068B1A067ED9ED023EFBE94
game/V109V_INTERIEUR_REWRITE.js;32243;5391C2E2303D34220174252B96290BDAA6A9D3F31EFB72A069632F42A9802022
game/V109W_CORRECTIFS_GAMEPLAY.js;30821;DFB74777A2A150DCD0B38C2866D835E158F68E55AC3434A71792A6E660CE3E76
game/VALDORA_BIOMES_AUDIO_V115.js;35377;425549C4F0E9EC80D831789574BAAD99358517958886D128327C25F3A6B2909D
game/VALDORA_BIOMES_V112.js;45430;2061E3AB9D04BEFFCDF05F4E245CAB0935C1563531F7EE617DE8ED29F4850C86
game/VALDORA_LIVING_WORLD_V118.js;56528;8EE300B75774E32FD74336EBFF077D16E85B77005E41202E494F04E8C5FAD672
game/VALDORA_POLISH_V113.js;31292;341F369965B5E2B67A58691F148B54EE33F2204D1C460D79AA5DF5DFFE7A9945
game/VALDORA_PRO_V111.js;26222;EF5351038B2BA33DFF3039B2032A0E873AAB5901B969F7C72C668A8D6E4B42BC
game/VALDORA_ROUTES_BIOMES_V114.js;38762;6C126FB9618E0A14E52864B92AECDBAA181BEA29170E6FAE09BAFE74F77CABA8
game/VALDORA_SANCTUARIES_V117.js;51008;EA213334A51FB4211FB5B72A9FF3A0C8BFFA620B183A773F262E13511C87476D
game/VALDORA_STABLE_V110.js;8184;FBF8859E239033A7B18ACAC2CD7FE19DDCC54262E824DB6A9BAE2686917ABACB
JOUER_VALDORA.bat;178;C04A8AB876D75EBA978131E9E2D2293109653A44466B495E027A9537D322CA67
LICENSE.md;730;26597C754A8E32C71CAEFA584DF635DE4EED2D37EC5F003CC3A5877554C587C3
LIRE_MOI_V111_PRO.txt;465;334562BDE9C797C65F4A19A607C4FC96948634FAEE7FABD58E89671060D7ECA8
LIRE_MOI_V112_BIOMES.txt;939;C5E38D5C8A14CED05D552750474CB83432E48CE558FE42082EDE8353454FA172
LIRE_MOI_V114.txt;582;F57A418689FED2CF72D15A0507AC9DA2369A0289CFF7D32B5EC5F4BAA37CBA2B
LIRE_MOI_V115.txt;751;A86DD4F83F7F8841A626324A5D27CCB3C5846AD019A49AF05DE35DCD59A19570
LIRE_MOI_V117.txt;2292;1A6AC722DF2BD38C06A8D334B98DC6D379F92241B8DF4D8AE82CBC50751B5073
LIRE_MOI_V118.txt;2947;7494CF65257B3C0CE42ABAF5F56EA256618FFA71E7496D39C98759EDBB3BE6D7
LIVRET_SECRET_VALDORA.pdf;23055;5E69B705D777305FE96529FF580CDDEBDEC781E65C1A7CDCCA22AAF85DFAEC83
outils/generer_manifestes.py;1828;8253D0DF3C163EE2C89558307D4938741753BC35FC38A99B52A409DAD45D48B1
outils/verifier_depot.py;5000;4CDA01F55ECC37CB055B79176D7898421CF75F0905CE6A176D66A859F4E48560
PROMPTS_IMAGES_V114.md;3098;D61FBD740BB601C56BC4D48DC179AD87D32480B7134605A2779D49DC5E261D96
PROMPTS_IMAGES_V115.md;4817;D05DDE3D08FAD7C9D6159D4C7C8035C16DE969F06A78E4D35E4F583A1A2C1484
PUBLICATION_GITHUB.md;3967;37B7C96EA48521C81630E3FDBEB689C1394404C8990308927796CF9494DB31D7
PUBLIER_SUR_GITHUB.bat;206;6A9CB166551F0598C357C35661B9E5FB6D9B86EEE3E79F0823C39BFDB4235F1F
PUBLIER_SUR_GITHUB.ps1;4671;F281862572A88E197E9EC3847DDA4D563BCAD0C16421BD6DAEEC4EA9CC1F3DBA
RAPPORT_AUDIT_V110.txt;4229;682E1CCCA6C157498E4BE27C279D4DBB11F776B7C6CB6AE75509B183367A3C39
RAPPORT_TYPES_EVOLUTIONS_V107L.txt;2216;EB7DC09EA9F0095AD78D57B8995FD7F01C8AD439C5AC220916D2C7BFFF181118
RAPPORT_V113.md;6210;8DD96853F6C3A5951A321B914DEC9E6677EAADB8DBB1068D22D2E471D44A1EAA
RAPPORT_V114.md;5871;C59ADE0864B3634774AB3D35AD935DA024182878DF71CBB7BE3A8E90E1534917
RAPPORT_V115.md;6932;9BB7AC6D67FED945F1E0AE7E83F009D49F00BBD764D2D6D0956B401EDCFCDDB1
RAPPORT_V117.md;5445;64FBA75E97AA01399A3C89C503897C46CA8A1AD9ABF6D368AEC861FE354CF938
RAPPORT_V118.md;7776;4ED047EBA8F83EE2B2C620A59FF478269FD7DD4E6A583B9105D6F0D45DD7CAF6
RAPPORT_VALDORA_V111_PRO.txt;5616;256F62226807EC7474FE1550D5535F7D3944C3F9DB10AB24061D75FF7F540CFC
RAPPORT_VALDORA_V112_BIOMES.txt;9856;95C55F00202BD0D3D1F431A526E953D45B7CC3EB1F4FDB36EE4783B4EB319B54
README.md;3671;CCC1D8F23803E1F80668A36A145B38D9AD4E89E330D220DEB7C3DCF010735B4E
README.txt;7090;0EE5728B87959FCF82824DAFF331A4C757BCDDE16CE77E8EBC40D1D6F3B5F45C
SECURITY.md;428;49617343835AD21801F8ED035DB45396B79BAD9C9B7E721D19E3492FA04C3A7B
V107N_CORRECTION_NOM_3_CHOIX.txt;329;51169D23512AD558E37AA52D13DDC54DCBCA0F03C26A911DAF3AA6EBB8C31503
V107O_CORRECTION_SAISIE_NOM_DIALOGUES.txt;669;5A1ED2215E0F8FA168260BE9A0BB6CD2FE963A23E09782FD0595F2DEAC6E3FE2
V107W_DRAGONS_IDS_NIVEAUX_VISUELS.txt;587;2BD5D8547063245E00054307AC2909D5C6A072B93A7160431C63FE49CCE944C3
V107X_DRAGONS_NIVEAUX_ZONES.txt;487;DC93416E03C5C3FF6626DC282BB2F5BEF515305CB8B80BAABC070B4EB8C33F84
V107Z_SAUVEGARDE_TELECHARGEMENT.txt;384;238FEFCCC7911733F6DD92E8A21C2FA828141D5C4B5DEA2087ABA5D92413C8D5
V108A_ENREGISTRER_SOUS.txt;411;3F613D3FE1944CBEACD53550667B9DB29FE8DB2BCF3AB0C89BF0D5908400BCE9
V108B_CHARGEMENT_SAUVEGARDE.txt;572;A32181BA42FEC2BF63F49A3E8C009DF0DFE6375FE574756057BA2048A77FEE2E
V108C_CLAIRVAL_PROGRESSION_SIMPLIFIEE.txt;691;AB63F08B9FA8B53E0588DC9D7BA9D1826EAEC271296BE93E41FF313C59A34AF4
V108D_VISUELS_EQUIPE.txt;574;7EB72075C93DC35BEEEA29CDD6C7501636981C6479C631EC01C373DCE86E9499
V108E_220_ATTAQUES.txt;768;A3AAFBF21C5661DD5028AB61D1C68DB470125DC4925A358CE36A64A791138F19
V108F_RETOUR_ARRIERE_TOUJOURS_LIBRE.txt;549;8EB1AA6B760EAC581CE5D162954EE8C3C089C98700E4ADE54E1D74685496A0C2
V108G_REEQUILIBRAGE_220_ATTAQUES.txt;1201;25E01983C5487E84B765EF48F7EBE9AD045C9AC7B89D657546884610C7031304
V108I_VISUELS_EQUIPE_MEME_RENDU_STARTERS.txt;422;427F4304E3258C18B844923C658DBCBE338733330015AC7D2D92704ABF972DDB
V108K_STARTERS_FONCTIONNELS.txt;621;659629DF5CA673B3D75315A73129E4ECAA5E5CD55A81A79B8D4848E685649D2A
V108L_PHANTASIALAND_8_MASCOTTES.txt;523;F22D43BEB3AC17FD64372685E07FB8881A937EC909E0A273071BD49FEFEF8248
V108M_CAHIER_DES_CHARGES.txt;3496;338419AB2A77CBD43B3A79510D370EC61300D5DC66B29C620C12ACF9FBE4141C
V108M_VALIDATION.txt;484;8BE0EB9D714642198AE0675F58E179604D2B6A74056AC5AFA1B64EC3220C7AA4
V108N_CORRECTION_VISUELS_MASCOTTES.txt;610;AACAB01009FCE17481E65679C612C526788D383BB184E9E73A19AE08F5848EFF
V108O_PORTRAITS_PNJ_SOINS.txt;808;BD1DA22C199C441C6C2DD56631D5F5F71F36D7CC9C7CE7A608CE181BEBD18334
V108P_REECRITURE_EQUIPE_ORDRE_PERMANENT.txt;1373;8C6B97C883F58D5FA5581F3D669BAD2E1B4FFC23AD3736D35DF20EB20C8783E1
V108Q_PNJ_INTERIEURS_REECRITS.txt;920;8BDF600E59A946BFE3AFB0465677343E831785DC5670320B8A72C17CAC44C228
V108R_MISSIONS_BUS_APPRENTISSAGE_VOIX.txt;623;2B1B8F7D2666218574EB71839CF27805B59C39F981FAC794A60C4F8460841F69
V108S_FICHES_ATTAQUES_PC_PHANTASIALAND.txt;790;B036D804DCFBC7CF3BE191B648CEF6A396A2D30B16954B06E253375BE93020FB
V108T_DESCRIPTIONS_COMPLETES_ATTAQUES.txt;775;57E2CA8E690CA75DB84472055F719DFAA1950D812C174F62E19712BDEBE94C4A
V109A_NARRATION_MUSEE_LIVRET.txt;1393;CA2ED9AF96A4787C81AF3447C745CE00ADB0449ACFEF6D3875E15BA3B5D00339
V109B_COMBAT_EQUITABLE_SAC.txt;526;75C32FAD45124E2480FD56DFEFAF68238C77DF297A43F20D0DAEAE031D41B568
V109C_MUSEES_UNIFIES.txt;794;5C8F3093B2E23A3BB2BC644A843FBA6777F9031044E03CFC5E8E0B7FEDB571EB
V109D_TRAIN_DESTINATIONS.txt;451;2470676990CFC98E1D46B43256F5150A6567025E59D89C3C212073D5281A9E14
V109E_ENTREES_BATIMENTS.txt;408;082B137A0621592F647B2A5055B43DCAAC1619B1C0C33DF6B28710CF6F8AEFF4
V109F_MUSEES_ET_LIVRET.txt;998;4AEE5BD44A8CCB26522CBB5478A02858C85229060697970F035D93E32A8FF0BA
V109G_LIVRET_GUIDE_MISSIONS.txt;499;45E251946EDB961741C4A329916AE42C776AA7434A13814C1F9755679C7811C9
V109H_MUSEES_REECRITS.txt;702;D8E21EA3396AD28EFFE103555BCC58C74C4FE705503ED76CA39970EB02FEEFFE
V109I_BATIMENTS_REECRITS.txt;811;BB693E4019DE9CD3BBBE0B201DF7AB091481758985E977745764F5F8BC3389E6
V109J_AMENAGEMENTS_ASSETS.txt;755;AA8A7FA8D93DA392FF927E280B429FE60C8A1C4639E49DEA549FD45801CCB20F
V109K_PNJ_EXTERIEURS_MUSEE_CHOIX_CREATURE.txt;738;6193A28BACB4BC019848D6DD1E2B27CEA7A2920296239B4379692E7594D183A8
V109L_VALOMBRE_PROGRESSION.txt;441;FBFE20B2DE1C26BB02FBE3E9C7EA73A9CD5B90964BB556A814671B390F88A8B7
V109M_CENTRES_SOINS_KO.txt;890;BA4960F16745F729EC89F8C4816E0935318C8B504E4AF0BEC4381913C8874D15
V109N_CARTE_CONTINUE_ANCRAGES.txt;972;BA5D7574112BD0EB16F16933C1E11279893AC9F0B806A0CA22F961548A6FC179
V109O_CARTE_MOBILIER_LAC.txt;689;FAEB5BA9CDC6156339A445F148C4376D2ABE319683CCDFF6BD11D33D5A8B6FFF
V109P_LIAISONS_ROUTES_BATIMENTS.txt;702;66AE1C077B6F07A9EFE1EA33B7640534D8F2B805B78A5652299C7B3EEC48B339
V109R_DEMARRAGE_RETABLI.txt;400;61D9DB7D9159BC726BDF77FE5351C0D89C2DE480D9061789B079F790C352EB3B
V109S_INTERIEURS_STRICTS_LEVELUP.txt;805;DEA5A194D8D4FF42ED70E6620CF12625983AB7E08B534E3F90D32C7194E3F768
V109T_MOUVEMENT_RETABLI.txt;658;FB4549BB64FFC398937BF21E673A184C910492A73F7C22515A1CD9054ECBFB8F
V109U_INTERIEURS_EXACTS_CITADELLE.txt;1050;FFDD06B1A59803B33B15FCEF824F98EEE486248AF37E3EFA63DFAA19C1D0C58E
V109V_INTERIEURS_REECRITS.txt;3224;B334C269F0DF37ADC869DB39290D749FB7930FED236E6E4411CD543AF03956E8
V109W_CITADELLE_SIMDOR_VOL_EXP_BOUTIQUES.txt;902;0F022129991FFB6B539EA2B5C1F9C9CEC56F6D29DEB3E5BC8F1D9F340BCAF444
V109Y_CORRECTION_TARONIS.txt;626;6C234FD6A415E92CA7990004BB5B892DB363D9413BEA0ECB34DDB473F7B67824
VALIDATION_V107K.txt;1320;84C654B62C77E5EA5D0DBD54490A1B38C187BF9CDE1FD01D36C2BD61877DCBC1
VALIDATION_V107R.txt;665;A14A51414A8B50267DE3E93D901D89403C0B29F4AF2CECD36CC39ACC9EA89D0A
VALIDATION_V107S.txt;360;2AA132B3983303553D4F57B7C881B0A5EC342AF871A4EDE2D054A6D8B8B318B9
VALIDATION_V108L.txt;1270;A327592EAFF69CC235095E5E9987BB9E40A3CDD4156C6CECC9135CD06284C791
